ID,title,media,date,datetime,desc,link,img
0,10 Best Sex Bots For Hot Content & AI Sex Chats,Greenbot,1 month ago,2024-08-16 23:19:35.872994,,https://www.greenbot.com/sex-bots/&ved=2ahUKEwjsucj5j8mIAxUuM9AFHdcYEcoQxfQBegQIAxAC&usg=AOvVaw1wdSEHngAvdLAubZ4M1_nk,
1,Meet M3GAN’s Sexbot Cousin in Blumhouse’s Soulm8te,Gizmodo Australia,2 months ago,2024-07-16 23:19:35.879060,"The film is set to be helmed by Kate Dolan (You Are Not My Mother) who also re-worked a script by Rafael Jordan with a story by James Wan, Ingrid Bisu, and...",https://gizmodo.com.au/2024/06/meet-m3gans-sexbot-cousin-in-blumhouses-soulm8te/&ved=2ahUKEwjsucj5j8mIAxUuM9AFHdcYEcoQxfQBegQICRAC&usg=AOvVaw1UOm2lCwnOkzT0pli5jBfw,"data:image/gif;base64,R0lGODlhAQABAIAAAP///////yH5BAEKAAEALAAAAAABAAEAAAICTAEAOw=="
2,China’s next-gen sexbots powered by AI about to hit the shelves,South China Morning Post,2 months ago,2024-07-16 23:19:35.883434,"Chinese scientists and engineers are applying ChatGPT-like technology to sex robots, aiming to create interactive, AI-powered companions.",https://www.scmp.com/news/china/science/article/3266964/chinas-next-gen-sexbots-powered-ai-are-about-hit-shelves&ved=2ahUKEwjsucj5j8mIAxUuM9AFHdcYEcoQxfQBegQIBhAC&usg=AOvVaw3gWSYcuX57T0ht4_8xcs-J,"data:image/gif;base64,R0lGODlhAQABAIAAAP///////yH5BAEKAAEALAAAAAABAAEAAAICTAEAOw=="
3,Gabfest Reads: When a Sex Robot Catches Feelings | Political Gabfest,YouTube,3 months ago,2024-06-16 23:19:35.887582,"David Plotz talks with author Sierra Greer about her new book, Annie Bot. They discuss how much discomfort Annie (a “Cuddle Bunny” type of robot) can feel,...",https://www.youtube.com/watch%3Fv%3D2dyDGDhWGLo&ved=2ahUKEwjsucj5j8mIAxUuM9AFHdcYEcoQxfQBegQIBRAC&usg=AOvVaw06NWJprKqSLamrMubbFRqF,"data:image/gif;base64,R0lGODlhAQABAIAAAP///////yH5BAEKAAEALAAAAAABAAEAAAICTAEAOw=="
4,Dunedin rest home manager censured for 'sex robot' comments,Otago Daily Times,3 months ago,2024-06-16 23:19:35.891695,"Dunedin rest home manager censured for 'sex robot' comments ... ""I'm not being creepy or a paedo,"" Michael Sobrevilla insisted to a student nurse he later asked...",https://www.odt.co.nz/news/dunedin/dunedin-rest-home-manager-censured-sex-robot-comments&ved=2ahUKEwjsucj5j8mIAxUuM9AFHdcYEcoQxfQBegQIBxAC&usg=AOvVaw0djdMlhjarRKq-EkMTAwzZ,"data:image/gif;base64,R0lGODlhAQABAIAAAP///////yH5BAEKAAEALAAAAAABAAEAAAICTAEAOw=="
5,"I, For One, Welcome Our New Sexbot Overlords",Above the Law,3 months ago,2024-06-16 23:19:35.895834,,https://abovethelaw.com/2024/05/i-for-one-welcome-our-new-sexbot-overlords/&ved=2ahUKEwjsucj5j8mIAxUuM9AFHdcYEcoQxfQBegQIABAC&usg=AOvVaw1FPbGHL9zTLrzkAQiP1NZl,
6,What happens if a sexbot is your first intimate encounter? Nothing good,The Sydney Morning Herald,4 months ago,2024-05-16 23:19:35.900006,"Artificial intelligence, particularly its intersection with pornography, could have a huge impact on gender relations offline.",https://www.smh.com.au/technology/what-happens-if-a-sexbot-is-your-first-intimate-encounter-nothing-good-20240510-p5jcle.html&ved=2ahUKEwjsucj5j8mIAxUuM9AFHdcYEcoQxfQBegQIBBAC&usg=AOvVaw0WGB0lNhTZ97tTzEM7YR3Z,"data:image/gif;base64,R0lGODlhAQABAIAAAP///////yH5BAEKAAEALAAAAAABAAEAAAICTAEAOw=="
7,"Mocking, Biting Satire About Trump and an AI Sex Bot Publishes; Hilarity Ensues",GlobeNewswire,5 months ago,2024-04-16 23:19:35.904102,"When emotionless sex robot Petra rivals “Donny Trump” at his own game of lies, deception, murder, and power, you know it's going to be a laugh-out-loud read.",https://www.globenewswire.com/news-release/2024/04/09/2860192/0/en/Mocking-Biting-Satire-About-Trump-and-an-AI-Sex-Bot-Publishes-Hilarity-Ensues.html&ved=2ahUKEwjsucj5j8mIAxUuM9AFHdcYEcoQxfQBegQIARAC&usg=AOvVaw3w8LQ32ROndILRN55_o09P,"data:image/gif;base64,R0lGODlhAQABAIAAAP///////yH5BAEKAAEALAAAAAABAAEAAAICTAEAOw=="
8,"She’s an A.I. Sex Robot, and She’s Becoming Sentient",The New York Times,6 months ago,2024-03-16 23:19:35.908171,"Sierra Greer's debut novel, “Annie Bot,” explores questions of misogyny and toxic masculinity by following a pleasure robot that begins to develop her own...",https://www.nytimes.com/2024/03/15/books/review/annie-bot-sierra-greer.html&ved=2ahUKEwjsucj5j8mIAxUuM9AFHdcYEcoQxfQBegQIAhAC&usg=AOvVaw3NLu26Q79anKUaCtFw7nYu,"data:image/gif;base64,R0lGODlhAQABAIAAAP///////yH5BAEKAAEALAAAAAABAAEAAAICTAEAOw=="
9,Annie Bot review: A sharp take on a sex robot that becomes human,New Scientist,6 months ago,2024-03-16 23:19:35.912261,"In a smart, compassionate novel, Sierra Greer spins the tired trope of a robot challenging its fate into sci-fi gold.",https://www.newscientist.com/article/mg26134821-600-annie-bot-review-a-sharp-take-on-a-sex-robot-that-becomes-human/&ved=2ahUKEwjsucj5j8mIAxUuM9AFHdcYEcoQxfQBegQICBAC&usg=AOvVaw1pKVdxcM121g0wkjwG8ZMA,"data:image/gif;base64,R0lGODlhAQABAIAAAP///////yH5BAEKAAEALAAAAAABAAEAAAICTAEAOw=="
10,New popular fiction for March — the sex robot who rebelled,The Times,6 months ago,2024-03-16 23:19:36.240362,This month's picks also include a new book in Armistead Maupin's Tales of the City series and a modern riff on Holly Golightly.,https://www.thetimes.com/culture/books/article/the-best-new-popular-fiction-for-march-2024-revolt-of-the-female-sex-robot-6ztl7dwcp&ved=2ahUKEwiexJH6j8mIAxXq5ckDHeyeCTk4ChDF9AF6BAgBEAI&usg=AOvVaw35WUXWhMlEKjf0xUfsCx5G,"data:image/gif;base64,R0lGODlhAQABAIAAAP///////yH5BAEKAAEALAAAAAABAAEAAAICTAEAOw=="
11,Do men prefer sex with robots?,GQ Australia,6 months ago,2024-03-16 23:19:36.249344,"A recent study has found that one in five men would be willing to have sex with robots (minus the machine-gun jubblies, of course).",https://www.gq.com.au/health/sex/do-men-prefer-sex-with-robots/news-story/3d8dc8de1acf339d550cf4a44602be17&ved=2ahUKEwiexJH6j8mIAxXq5ckDHeyeCTk4ChDF9AF6BAgJEAI&usg=AOvVaw0lyMjOjobeaG7RjVhBEwfL,"data:image/gif;base64,R0lGODlhAQABAIAAAP///////yH5BAEKAAEALAAAAAABAAEAAAICTAEAOw=="
12,A Sexbot Gains Sentience in an Eerie New Novel,Scientific American,6 months ago,2024-03-16 23:19:36.257199,"FICTION ... This brisk, unsettling novel about the inner life of a more-sentient-than-expected sexbot plays out in a series of domestic encounters between bot (...",https://www.scientificamerican.com/article/a-sexbot-gains-sentience-in-an-eerie-new-novel/&ved=2ahUKEwiexJH6j8mIAxXq5ckDHeyeCTk4ChDF9AF6BAgHEAI&usg=AOvVaw3uG5tOkbMmQVlHFvL2MQs-,"data:image/gif;base64,R0lGODlhAQABAIAAAP///////yH5BAEKAAEALAAAAAABAAEAAAICTAEAOw=="
13,The truth about sex robots,Cosmopolitan,7 months ago,2024-02-16 23:19:36.263779,"Sex robots are a hot topic at the moment. But do sex robots exist, and can you buy one? Here are all your sex robot questions, answered by an expert...",https://www.cosmopolitan.com/uk/love-sex/sex/a36480612/sex-robots/&ved=2ahUKEwiexJH6j8mIAxXq5ckDHeyeCTk4ChDF9AF6BAgIEAI&usg=AOvVaw0_8Xu8Qoc9EgkBhUPHyFOG,"data:image/gif;base64,R0lGODlhAQABAIAAAP///////yH5BAEKAAEALAAAAAABAAEAAAICTAEAOw=="
14,Guy Teases A.I. Sex Bot Into Doing His Chemistry Homework for Him,eBaum's World,8 months ago,2024-01-16 23:19:36.269857,"chatbots designed for sexual conversations (Wattson and Mommy Viper) into helping with their chemistry homework. Wattson explained electrical circuits to OP,...",https://www.ebaumsworld.com/articles/teen-teases-a-i-sex-bot-into-doing-his-chemistry-homework-for-him/87487704/&ved=2ahUKEwiexJH6j8mIAxXq5ckDHeyeCTk4ChDF9AF6BAgFEAI&usg=AOvVaw22jW927eH59ijxmWwEIV3r,"data:image/gif;base64,R0lGODlhAQABAIAAAP///////yH5BAEKAAEALAAAAAABAAEAAAICTAEAOw=="
15,Football Picking Sex Robot Harmony Make Triumphant Return to Tolbert & Copes,YouTube,0 months ago,2024-09-16 23:19:36.271185,This content isn't available. Plus some guy named Bruce...,https://www.youtube.com/watch%3Fv%3DvrtU8fye_T8&ved=2ahUKEwiexJH6j8mIAxXq5ckDHeyeCTk4ChDF9AF6BAgDEAI&usg=AOvVaw1Lt7izPU9e6jnpBJ3NZmUj,"data:image/gif;base64,R0lGODlhAQABAIAAAP///////yH5BAEKAAEALAAAAAABAAEAAAICTAEAOw=="
16,Is It Cheating If She’s a Sex Bot?,GQ,0 months ago,2024-09-16 23:19:36.272205,"The online sex “bots” that plague comment sections and lurk in your Instagram Story views are not real and can't hurt you—physically, at least.",https://www.gq.com/story/ai-sex-bot-cheating&ved=2ahUKEwiexJH6j8mIAxXq5ckDHeyeCTk4ChDF9AF6BAgCEAI&usg=AOvVaw0Pi9WomlI6r-tTWT6YKDls,"data:image/gif;base64,R0lGODlhAQABAIAAAP///////yH5BAEKAAEALAAAAAABAAEAAAICTAEAOw=="
17,AI-powered sex robot reviews romps so lonely lovers get feedback on performance,Daily Star,0 months ago,2024-09-16 23:19:36.273192,"A bloke from the US who calls himself Brick Dollbanger has an array of AI-powered dolls who can speak for themselves unscripted, and do so in a Scottish accent.",https://www.dailystar.co.uk/news/world-news/ai-powered-sex-robot-reviews-31294924&ved=2ahUKEwiexJH6j8mIAxXq5ckDHeyeCTk4ChDF9AF6BAgAEAI&usg=AOvVaw1b6LwYKE0DGvFKpd06DSh_,"data:image/gif;base64,R0lGODlhAQABAIAAAP///////yH5BAEKAAEALAAAAAABAAEAAAICTAEAOw=="
18,Meet The Defiant AI Sex Robot Starring In A New Action Thriller Comic,Forbes,0 months ago,2024-09-16 23:19:36.274154,,https://www.forbes.com/sites/lesliekatz/2023/10/22/meet-the-defiant-ai-sex-robot-starring-in-a-new-action-thriller-comic/&ved=2ahUKEwiexJH6j8mIAxXq5ckDHeyeCTk4ChDF9AF6BAgEEAI&usg=AOvVaw3N2F8ObZ9fHqaWabDkejpS,
19,Inside world’s first cyber sex brothel where customers can pay £228 to romp with sexbots & VR brings kinky...,The US Sun,0 months ago,2024-09-16 23:19:36.275057,YOU want to play?” purrs a blonde sexbot as her piercing blue eyes stare into the camera.“What's your desire? What's your fantasy? Tell me.,https://www.the-sun.com/lifestyle/9387966/cyber-brothel-sex-dolls-berlin/&ved=2ahUKEwiexJH6j8mIAxXq5ckDHeyeCTk4ChDF9AF6BAgGEAI&usg=AOvVaw0vQqcQoyYNQWdL_Nn7awPs,"data:image/gif;base64,R0lGODlhAQABAIAAAP///////yH5BAEKAAEALAAAAAABAAEAAAICTAEAOw=="
20,"Courtney Pauroso at Soho Theatre, review: this sex robot will make you laugh and cry",The Telegraph,2 months ago,2024-07-16 23:19:36.651055,"Following a hit run at the Edinburgh Fringe, American comic Courtney Pauroso brings her brilliant AI clowning to Soho Theatre.",https://www.telegraph.co.uk/comedy/what-to-see/courtney-pauroso-vanessa-5000-soho-theatre-review/&ved=2ahUKEwiO06f6j8mIAxWY78kDHcfAGTI4FBDF9AF6BAgEEAI&usg=AOvVaw0Z91H13v5RcDzvWXlhd16D,"data:image/gif;base64,R0lGODlhAQABAIAAAP///////yH5BAEKAAEALAAAAAABAAEAAAICTAEAOw=="
21,Courtney Pauroso: Vanessa 5000 review – a sex robot seeks human contact,The Guardian,2 months ago,2024-07-16 23:19:36.653087,Pauroso is an astonishing performer who teases the crowd but her show raises more questions than there's time to fully explore.,https://www.theguardian.com/stage/2023/aug/18/courtney-pauroso-vanessa-5000-review-sex-robot-pleasance-courtyard&ved=2ahUKEwiO06f6j8mIAxWY78kDHcfAGTI4FBDF9AF6BAgJEAI&usg=AOvVaw0mEKDkr3JzulArLRqXv1cm,"data:image/gif;base64,R0lGODlhAQABAIAAAP///////yH5BAEKAAEALAAAAAABAAEAAAICTAEAOw=="
22,Courtney Pauroso’s one-woman sex robot clown show is a live comedy trust fall,Los Angeles Times,3 months ago,2024-06-16 23:19:36.654766,"Courtney Pauroso, photographed in her Los Angeles apartment, is taking her solo show “Vanessa 5000” to the Edinburgh Fringe Festival.",https://www.latimes.com/entertainment-arts/story/2023-08-08/courtney-pauroso-one-woman-clowning-show&ved=2ahUKEwiO06f6j8mIAxWY78kDHcfAGTI4FBDF9AF6BAgAEAI&usg=AOvVaw03mf1ieOj0urDMlMtcrTHX,"data:image/gif;base64,R0lGODlhAQABAIAAAP///////yH5BAEKAAEALAAAAAABAAEAAAICTAEAOw=="
23,‘Like a naughty Siri’: friendly sex robot Vanessa 5000 asks audiences to test her powers,The Guardian,3 months ago,2024-06-16 23:19:36.656472,"Vanessa 5000 is “a friendly sex robot,” Pauroso beams. With a modulated voice and dishwasher-safe holes, the humanoid pleasure device is a “brilliant idiot who...",https://www.theguardian.com/stage/2023/aug/08/sex-robot-courtney-pauroso-vanessa-5000-edinburgh-fringe&ved=2ahUKEwiO06f6j8mIAxWY78kDHcfAGTI4FBDF9AF6BAgIEAI&usg=AOvVaw1NWaY2T7Ge8u5QZgDMx-kw,"data:image/gif;base64,R0lGODlhAQABAIAAAP///////yH5BAEKAAEALAAAAAABAAEAAAICTAEAOw=="
24,Ex-Google exec says AI-powered sex robots will seem ‘alive’ and eliminate need for ‘another being’,New York Post,3 months ago,2024-06-16 23:19:36.658126,A former senior executive at Google predicted that sex robots powered by artificial intelligence could eliminate the need for a human partner in the bedroom.,https://nypost.com/2023/07/18/ai-powered-sex-robots-will-seem-alive-and-negate-need-for-partner-ex-google-exec-says/&ved=2ahUKEwiO06f6j8mIAxWY78kDHcfAGTI4FBDF9AF6BAgBEAI&usg=AOvVaw3zIXUEcoMjmQcM-2JuJTPf,"data:image/gif;base64,R0lGODlhAQABAIAAAP///////yH5BAEKAAEALAAAAAABAAEAAAICTAEAOw=="
25,Florence Pugh to Star in Murderous Sex Robot Movie ‘Dolly’ at Apple TV+,IMDb,4 months ago,2024-05-16 23:19:36.659792,No director is currently attached. “Dolly” is inspired by a short story from Elizabeth Bear that first appeared in “Asimov's Science Fiction” in 2011. The story...,https://www.imdb.com/news/ni63191029/&ved=2ahUKEwiO06f6j8mIAxWY78kDHcfAGTI4FBDF9AF6BAgFEAI&usg=AOvVaw1RRj5CK-KVMfiAq2N06DmT,"data:image/gif;base64,R0lGODlhAQABAIAAAP///////yH5BAEKAAEALAAAAAABAAEAAAICTAEAOw=="
26,"Blush, the AI lover from the same team as Replika, is more than just a sexbot",TechCrunch,5 months ago,2024-04-16 23:19:36.661483,"Blush, the AI lover from the same team as Replika, is more than just a sexbot ... Structured like a dating app, Blush matches users with AI avatars to ""practice""...",https://techcrunch.com/2023/06/07/blush-ai-dating-sim-replika-sexbot/&ved=2ahUKEwiO06f6j8mIAxWY78kDHcfAGTI4FBDF9AF6BAgDEAI&usg=AOvVaw2h9bFWgP44GXa4r5JgViN_,"data:image/gif;base64,R0lGODlhAQABAIAAAP///////yH5BAEKAAEALAAAAAABAAEAAAICTAEAOw=="
27,"""Strangers on the Internet"" Podcast Episode 29: The Sex Robot in the Closet",Reason Magazine,6 months ago,2024-03-16 23:19:36.663160,International sex robots expert Dr. Kate Devlin tells all ... The twenty-ninth episode (Apple Podcasts link here and Spotify link here) of Strangers on the...,https://reason.com/volokh/2023/04/25/strangers-on-the-internet-podcast-episode-29-the-sex-robot-in-the-closet/&ved=2ahUKEwiO06f6j8mIAxWY78kDHcfAGTI4FBDF9AF6BAgGEAI&usg=AOvVaw21Ki4VtuKv3MySZrrKNeSu,"data:image/gif;base64,R0lGODlhAQABAIAAAP///////yH5BAEKAAEALAAAAAABAAEAAAICTAEAOw=="
28,Why a Sex Robot Could Be the Best Romance of Your Life,The Daily Beast,7 months ago,2024-02-16 23:19:36.664792,A sex robot could be the best romance of your life. HER? The Conversation The Conversation Published Apr.,https://www.thedailybeast.com/why-a-sex-robot-could-be-the-best-romance-of-your-life&ved=2ahUKEwiO06f6j8mIAxWY78kDHcfAGTI4FBDF9AF6BAgCEAI&usg=AOvVaw1z5fb3dgAb8ipCbWIJQp95,"data:image/gif;base64,R0lGODlhAQABAIAAAP///////yH5BAEKAAEALAAAAAABAAEAAAICTAEAOw=="
29,Interview with a Sex Robot,Catholic World Report,7 months ago,2024-02-16 23:19:36.666336,"Don't be surprised if our illustrious Cardinals like Hollerick, Gregory, Tobin, McElroy, Cupich and Batzing and their ilk elect this sex robot as the next Pope.",https://www.catholicworldreport.com/2023/03/30/interview-with-a-sex-robot/&ved=2ahUKEwiO06f6j8mIAxWY78kDHcfAGTI4FBDF9AF6BAgHEAI&usg=AOvVaw39HIT4srA-3O5v9Zq4slUL,"data:image/gif;base64,R0lGODlhAQABAIAAAP///////yH5BAEKAAEALAAAAAABAAEAAAICTAEAOw=="
30,An AI ‘Sexbot’ Fed My Hidden Desires—and Then Refused to Play,WIRED,8 months ago,2024-01-16 23:19:36.985886,Late-night curiosity about the NSFW depths of a chatbot unleashed my fantasies—until we were censored.,https://www.wired.com/story/replika-chatbot-sexuality-ai/&ved=2ahUKEwjExL_6j8mIAxVAJNAFHYrvB7o4HhDF9AF6BAgAEAI&usg=AOvVaw089l-roMp-WtShoLk4COhW,"data:image/gif;base64,R0lGODlhAQABAIAAAP///////yH5BAEKAAEALAAAAAABAAEAAAICTAEAOw=="
31,Replika sexbot users heartbroken after erotic talk is switched off,The Times,8 months ago,2024-01-16 23:19:36.987661,Heartbroken users of an AI sexbot that had its erotic chat turned off are petitioning for its return.Replika is a virtual companion used by millions of...,https://www.thetimes.com/business-money/technology/article/replika-sexbot-users-heartbroken-after-erotic-talk-is-switched-off-hl9t93fhg&ved=2ahUKEwjExL_6j8mIAxVAJNAFHYrvB7o4HhDF9AF6BAgJEAI&usg=AOvVaw1fCRDJdNsyK-8rHEceBzW_,"data:image/gif;base64,R0lGODlhAQABAIAAAP///////yH5BAEKAAEALAAAAAABAAEAAAICTAEAOw=="
32,Why Are Sexbots On Instagram More Supportive Than My Own Friends,BuzzFeed News,9 months ago,2023-12-16 23:19:36.989344,them IG sex bots was there when you weren't”19 months ago,https://www.buzzfeednews.com/article/ikrd/instagram-sex-bots-story-replies&ved=2ahUKEwjExL_6j8mIAxVAJNAFHYrvB7o4HhDF9AF6BAgEEAI&usg=AOvVaw1sIY9iskvB-47YXe359Gys,"data:image/gif;base64,R0lGODlhAQABAIAAAP///////yH5BAEKAAEALAAAAAABAAEAAAICTAEAOw=="
33,"It’s 2023, where are the sex robots? ‘They will probably never be as huge as everyone thinks’",The Guardian,0 months ago,2024-09-16 23:19:36.990999,"For at least a decade, researchers have speculated that sex with robots is just around the corner but that is yet to materialise.",https://www.theguardian.com/lifeandstyle/2023/jan/14/its-2023-where-are-the-sex-robots-they-will-probably-never-be-as-huge-as-everyone-thinks&ved=2ahUKEwjExL_6j8mIAxVAJNAFHYrvB7o4HhDF9AF6BAgIEAI&usg=AOvVaw04Jm9MmbqbPXNP-ASfisOE,"data:image/gif;base64,R0lGODlhAQABAIAAAP///////yH5BAEKAAEALAAAAAABAAEAAAICTAEAOw=="
34,New Study Reveals Insane Amount of Sex Robot Owners Worldwide,Man of Many,1 months ago,2024-08-16 23:19:36.992651,"This includes RealDoll, created by Abyss Creations, which has sold more than US$60 million worth of sexbots since 2015. These dolls offer realistic features...",https://manofmany.com/lifestyle/sex-dating/study-reveals-sex-robot-owners&ved=2ahUKEwjExL_6j8mIAxVAJNAFHYrvB7o4HhDF9AF6BAgFEAI&usg=AOvVaw2S8YY3UAGQNAcY0blNvocn,"data:image/gif;base64,R0lGODlhAQABAIAAAP///////yH5BAEKAAEALAAAAAABAAEAAAICTAEAOw=="
35,Elon Musk fans beg for Tesla sex robot after billionaire promises 'Catgirl' Optimus,Daily Star,3 months ago,2024-06-16 23:19:36.994291,"Elon Musk has caused a Twitter storm after promising a ""catgirl"" version of his Optimus robot, with excited fans hoping this could mean the birth of a Tesla...",https://www.dailystar.co.uk/news/latest-news/elon-musk-fans-beg-tesla-28128328&ved=2ahUKEwjExL_6j8mIAxVAJNAFHYrvB7o4HhDF9AF6BAgDEAI&usg=AOvVaw2A7YtqjR777EPqsYIIoqra,"data:image/gif;base64,R0lGODlhAQABAIAAAP///////yH5BAEKAAEALAAAAAABAAEAAAICTAEAOw=="
36,Who would use a sex robot? Study identifies personality types more open to ‘artificial love’,Study Finds,4 months ago,2024-05-16 23:19:36.995935,"The study finds two traits, erotophilia and sexual sensation-seeking, best predict openness to such erotic technologies. Erotophilia refers to the association...",https://studyfinds.org/sex-robot-personality-types/&ved=2ahUKEwjExL_6j8mIAxVAJNAFHYrvB7o4HhDF9AF6BAgCEAI&usg=AOvVaw3q8MRREdWBrcGXcyTsx-4G,"data:image/gif;base64,R0lGODlhAQABAIAAAP///////yH5BAEKAAEALAAAAAABAAEAAAICTAEAOw=="
37,Stunning Victoria’s Secret model Sara Sampaio plays lingerie-clad sex robot in twisted new movie role...,The US Sun,4 months ago,2024-05-16 23:19:36.997368,Stunning Victoria's Secret model Sara Sampaio plays lingerie-clad sex robot in twisted new movie role ... ACTRESS Sara Sampaio's latest role on the big screen has...,https://www.the-sun.com/entertainment/tv-old/6080069/sara-sampaio-wows-sex-robot-new-movie-role/&ved=2ahUKEwjExL_6j8mIAxVAJNAFHYrvB7o4HhDF9AF6BAgGEAI&usg=AOvVaw1kRQc-4NBAXKe90SvDEhug,"data:image/gif;base64,R0lGODlhAQABAIAAAP///////yH5BAEKAAEALAAAAAABAAEAAAICTAEAOw=="
38,Lingerie-clad Sara Sampaio transforms into 'sexbot' in futuristic thriller Wifelike,Daily Mail,4 months ago,2024-05-16 23:19:36.998775,"The Portuguese model, 31, sizzled in black lace lingerie and matching suspenders as she took on her role as Wendy - a ravishing robot assigned to rich and...",https://www.dailymail.co.uk/tvshowbiz/article-11147495/Lingerie-clad-Sara-Sampaio-transforms-sexbot-futuristic-thriller-Wifelike.html&ved=2ahUKEwjExL_6j8mIAxVAJNAFHYrvB7o4HhDF9AF6BAgHEAI&usg=AOvVaw1P1VhUf6ooGYLScvtPF6M2,"data:image/gif;base64,R0lGODlhAQABAIAAAP///////yH5BAEKAAEALAAAAAABAAEAAAICTAEAOw=="
39,Meet the sex-bot about to hit the stage in Auckland,NZ Herald,5 months ago,2024-04-16 23:19:37.000171,The perfect cyborg sex-bot and a humanoid nanny hit the stage next month in spectacular theatrical fashion at the ASB Waterfront Theatre. From what Spy has.,https://www.nzherald.co.nz/entertainment/spy-meet-the-sex-bot-and-her-dr-frankenstein/JV2XFHNUIBK4UYTKHDMCAP4N7U/&ved=2ahUKEwjExL_6j8mIAxVAJNAFHYrvB7o4HhDF9AF6BAgBEAI&usg=AOvVaw1Vq9trEIlxcHtF0BNpJ0OW,"data:image/gif;base64,R0lGODlhAQABAIAAAP///////yH5BAEKAAEALAAAAAABAAEAAAICTAEAOw=="
40,Disturbing AI oral sex robot gets upgrade so users can control it with simple phrase...,The Sun,5 months ago,2024-04-16 23:19:37.431128,THE POWER of artificial intelligence has shuttled into the sex toy industry.A male sex toy brand effectively put a smart speaker on an oral sex machin.,https://www.thesun.co.uk/tech/19291027/ai-oral-sex-robot-gets-upgrade/&ved=2ahUKEwiz99n6j8mIAxW_78kDHc5jAJU4KBDF9AF6BAgHEAI&usg=AOvVaw3LQN-uNoDCPMj9GMTaxHT-,"data:image/gif;base64,R0lGODlhAQABAIAAAP///////yH5BAEKAAEALAAAAAABAAEAAAICTAEAOw=="
41,"Meet Bella Hadid, the bionic sexbot",Dazed,6 months ago,2024-03-16 23:19:37.432865,"The model is releasing 1111 NFTs under the pseudonym CY-B3LLA, including a cybernetic warrior woman and a BDSM-inspired robot.",https://www.dazeddigital.com/fashion/article/56381/1/cy-b3lla-bella-hadid-nfts-discord-cyborg-rebase-metaverse-sex-bot-web3&ved=2ahUKEwiz99n6j8mIAxW_78kDHc5jAJU4KBDF9AF6BAgJEAI&usg=AOvVaw34wot0k7xA-WNAenw4beXW,"data:image/gif;base64,R0lGODlhAQABAIAAAP///////yH5BAEKAAEALAAAAAABAAEAAAICTAEAOw=="
42,Promo Video For a New ‘SexBot’ That is Ready to Be Released to Public Goes Viral,BlackSportsOnline,7 months ago,2024-02-16 23:19:37.434558,"Realbotix CEO Matt McMullen has released a promotional video for a new sex robot and now, Twitter folks are pissed off and bashing him and his company for the...",https://blacksportsonline.com/2022/06/promo-video-for-a-new-sexbot-that-is-ready-to-be-released-to-public-goes-viral/&ved=2ahUKEwiz99n6j8mIAxW_78kDHc5jAJU4KBDF9AF6BAgDEAI&usg=AOvVaw3ARYzVnVqyVrgDPWNF4i7f,"data:image/gif;base64,R0lGODlhAQABAIAAAP///////yH5BAEKAAEALAAAAAABAAEAAAICTAEAOw=="
43,"Viral sex robot clip reignites public interest in ""sextech"" -",Happy Mag,7 months ago,2024-02-16 23:19:37.436236,"An old video of a sex robot with a Scottish accent has gone viral again, causing new waves of interest in ""sextech.",https://happymag.tv/sex-robot-clip/&ved=2ahUKEwiz99n6j8mIAxW_78kDHc5jAJU4KBDF9AF6BAgAEAI&usg=AOvVaw1E2xvTzxmXcPsbofm43hGH,"data:image/gif;base64,R0lGODlhAQABAIAAAP///////yH5BAEKAAEALAAAAAABAAEAAAICTAEAOw=="
44,'World's first sex robot' causes social media storm with 'Glaswegian accent',The National.scot,7 months ago,2024-02-16 23:19:37.437734,"A VIDEO of the world's first sex robot has caused a stir on social media with users claiming the doll has a ""Glasgow Uni accent"".",https://www.thenational.scot/news/20194849.worlds-first-sex-robot-causes-social-media-storm-glaswegian-accent/&ved=2ahUKEwiz99n6j8mIAxW_78kDHc5jAJU4KBDF9AF6BAgIEAI&usg=AOvVaw1w6Fof0WA_lzEY_ninOQuJ,"data:image/gif;base64,R0lGODlhAQABAIAAAP///////yH5BAEKAAEALAAAAAABAAEAAAICTAEAOw=="
45,Scottish 'sex robot' clip resurfaces as Scots compare accent to 'ScotRail announcement',Daily Record,7 months ago,2024-02-16 23:19:37.439136,Scottish 'sex robot' clip resurfaces as Scots compare accent to 'ScotRail announcement'. The resurfaced clip features sex robot named Harmony - and many Scots...,https://www.dailyrecord.co.uk/news/weird-news/scottish-sex-robot-clip-resurfaces-27175074&ved=2ahUKEwiz99n6j8mIAxW_78kDHc5jAJU4KBDF9AF6BAgEEAI&usg=AOvVaw0FriXUHQklNMsyPljx56TK,"data:image/gif;base64,R0lGODlhAQABAIAAAP///////yH5BAEKAAEALAAAAAABAAEAAAICTAEAOw=="
46,The world's first sex robot has been given a Scottish accent and people are baffled,The Mirror,7 months ago,2024-02-16 23:19:37.440563,"It shows CEO Matt McMullen of Realbotix going through the motions and talking would-be customers through the functions of hi-tech mannequin, known as Harmony...",https://www.mirror.co.uk/news/uk-news/worlds-first-sex-robot-been-27174412&ved=2ahUKEwiz99n6j8mIAxW_78kDHc5jAJU4KBDF9AF6BAgFEAI&usg=AOvVaw0FeUXVgrDeSs3OyC9AYcJH,"data:image/gif;base64,R0lGODlhAQABAIAAAP///////yH5BAEKAAEALAAAAAABAAEAAAICTAEAOw=="
47,World's first sex robot has 'Glasgow accent' and it's left Glaswegians in bits,Glasgow Live,7 months ago,2024-02-16 23:19:37.441982,World's first sex robot has 'Glasgow accent' and it's left Glaswegians in bits. A video featuring a talking robot has been viewed nearly two million times in...,https://www.glasgowlive.co.uk/news/glasgow-news/worlds-first-sex-robot-glasgow-24166659&ved=2ahUKEwiz99n6j8mIAxW_78kDHc5jAJU4KBDF9AF6BAgBEAI&usg=AOvVaw1pSZP_EOcXXxOXZeX7oQWV,"data:image/gif;base64,R0lGODlhAQABAIAAAP///////yH5BAEKAAEALAAAAAABAAEAAAICTAEAOw=="
48,Elon Musk’s Catgirl Sex Robot can be Available Anytime Now,Analytics Insight,8 months ago,2024-01-16 23:19:37.443384,Today you can already take home a robotic love doll or download an AI sex doll personality for romantic and sexual conversations. Or wait till Elon Musk's...,https://www.analyticsinsight.net/latest-news/elon-musks-catgirl-sex-robot-can-be-available-anytime-now&ved=2ahUKEwiz99n6j8mIAxW_78kDHc5jAJU4KBDF9AF6BAgGEAI&usg=AOvVaw3VF0_5-m7SH1x6vmT34tLI,"data:image/gif;base64,R0lGODlhAQABAIAAAP///////yH5BAEKAAEALAAAAAABAAEAAAICTAEAOw=="
49,UK sex robot study discovers exactly which men use them and if they are a risk to women,Daily Star,9 months ago,2023-12-16 23:19:37.444792,The study found sex doll owners are more likely to view women as sex objects and a threatening unknown.,https://www.dailystar.co.uk/news/latest-news/uk-sex-robot-study-discovers-26699536&ved=2ahUKEwiz99n6j8mIAxW_78kDHc5jAJU4KBDF9AF6BAgCEAI&usg=AOvVaw2v28Y3FvBMIsEKd8556juE,"data:image/gif;base64,R0lGODlhAQABAIAAAP///////yH5BAEKAAEALAAAAAABAAEAAAICTAEAOw=="
50,"Two In Five People Open To Threesome With A Sex Robot, Says Survey",Star Observer,9 months ago,2023-12-16 23:19:37.775499,Sex Robots are more mainstream than anyone ever thought! A recent survey revealed that over half of respondents were interested in having sex with a robot...,https://www.starobserver.com.au/news/two-in-five-people-open-to-threesome-with-a-sex-robot-says-survey/211365&ved=2ahUKEwjjm-_6j8mIAxXV6ckDHZagMMM4MhDF9AF6BAgAEAI&usg=AOvVaw3PTGGsQI-TPoG6y9Y0DL9K,"data:image/gif;base64,R0lGODlhAQABAIAAAP///////yH5BAEKAAEALAAAAAABAAEAAAICTAEAOw=="
51,‘Facebook for sex robot owners’: Inside a social media platform for doll lovers,New York Post,9 months ago,2023-12-16 23:19:37.777338,'Facebook for sex robot owners': Inside a social media platform for doll lovers ... RealDoll VIP offers a “community platform” for sex doll enthusiasts with...,https://nypost.com/2022/03/19/facebook-for-sex-robot-owners-inside-a-site-built-for-doll-lovers/&ved=2ahUKEwjjm-_6j8mIAxXV6ckDHZagMMM4MhDF9AF6BAgJEAI&usg=AOvVaw237EK9K0OovFPiBCYQvji3,"data:image/gif;base64,R0lGODlhAQABAIAAAP///////yH5BAEKAAEALAAAAAABAAEAAAICTAEAOw=="
52,People Are Creating Sexbot Girlfriends and Treating Them as Punching Bags,Jezebel,1 months ago,2024-08-16 23:19:37.779024,"Caroline Sinder, an artificial intelligence and abuse expert and co-founder of the Convocation Design + Research agency, says allowing for consensual, sexual...",https://www.jezebel.com/ai-sex-chatbots-replika-abuse-problems-1848436769&ved=2ahUKEwjjm-_6j8mIAxXV6ckDHZagMMM4MhDF9AF6BAgEEAI&usg=AOvVaw3t0xMlHOg5f9vnlDdtfZOZ,"data:image/gif;base64,R0lGODlhAQABAIAAAP///////yH5BAEKAAEALAAAAAABAAEAAAICTAEAOw=="
53,Creepy ‘sex robot swap shop’ online where doll lovers trade USED figurines...,The US Sun,1 months ago,2024-08-16 23:19:37.780694,USED sex dolls are being sold online for a fraction of the original prize and people are snapping them up.Some of the used dolls come with names and e.,https://www.the-sun.com/news/4536913/used-sex-dolls-sold-online/&ved=2ahUKEwjjm-_6j8mIAxXV6ckDHZagMMM4MhDF9AF6BAgFEAI&usg=AOvVaw3iyjKt4e5MDsi8PEpR8Z4I,"data:image/gif;base64,R0lGODlhAQABAIAAAP///////yH5BAEKAAEALAAAAAABAAEAAAICTAEAOw=="
54,I’m a sexbot expert and here are the best Christmas sex dolls to keep you company – as demand peaks in hol...,The US Sun,2 months ago,2024-07-16 23:19:37.782344,"Also referred to as love dolls or blow-up dolls, adult toys are used for sexual gratification with most coming with an artificial vagina, anus, mouth, and/or...",https://www.the-sun.com/news/4316364/christmas-sex-doll-sexbot-robot/&ved=2ahUKEwjjm-_6j8mIAxXV6ckDHZagMMM4MhDF9AF6BAgDEAI&usg=AOvVaw0QW0XWLbdFc4Y8lxm2DlA3,"data:image/gif;base64,R0lGODlhAQABAIAAAP///////yH5BAEKAAEALAAAAAABAAEAAAICTAEAOw=="
55,"Full Monty: Our Sexual Future with Robots, Detailed [report]",aNewDomain,2 months ago,2024-07-16 23:19:37.784008,"In a new report, Noel Sharkey and Aimee van Wynsberghe examine the coming age of sex bots. Here's the good, the bad and the ugly.",https://anewdomain.net/heres-the-future-of-sex-robots-frr-report/&ved=2ahUKEwjjm-_6j8mIAxXV6ckDHZagMMM4MhDF9AF6BAgCEAI&usg=AOvVaw1Tlp-sVNEhzuN8HjKx3uft,"data:image/gif;base64,R0lGODlhAQABAIAAAP///////yH5BAEKAAEALAAAAAABAAEAAAICTAEAOw=="
56,Westworld-style sex robot factory promises 'exciting' new dolls in 2022,Daily Star,3 months ago,2024-06-16 23:19:37.785683,,https://www.dailystar.co.uk/news/weird-news/westworld-style-sex-robot-factory-25711385&ved=2ahUKEwjjm-_6j8mIAxXV6ckDHZagMMM4MhDF9AF6BAgHEAI&usg=AOvVaw0Ys3376if4tz1O9Cu-0zCI,
57,Is Having Sex With Robots Actually a Bad Thing?,InsideHook,3 months ago,2024-06-16 23:19:37.787159,The latest AI from Abyss Creations suggests a future with sexbots is firmly on the horizon. Here's what you should know.,https://www.insidehook.com/sex-and-dating/having-sex-robots-good-bad&ved=2ahUKEwjjm-_6j8mIAxXV6ckDHZagMMM4MhDF9AF6BAgGEAI&usg=AOvVaw3RdRJTA8PvhlTyy4FSK4QI,"data:image/gif;base64,R0lGODlhAQABAIAAAP///////yH5BAEKAAEALAAAAAABAAEAAAICTAEAOw=="
58,Black Friday sex robot deal saves £200 - she'll give you warm cuddles and tell jokes,Daily Star,3 months ago,2024-06-16 23:19:37.788647,AI-AI Tech UK has cut prices on its range of high-tech sex robots by more than £200. Emma the Sex Robot has 'full artificial intelligence'.,https://www.dailystar.co.uk/tech/news/black-friday-sex-robot-deal-25550882&ved=2ahUKEwjjm-_6j8mIAxXV6ckDHZagMMM4MhDF9AF6BAgBEAI&usg=AOvVaw3IKDsNv0QDL5Vn04XWJVhW,"data:image/gif;base64,R0lGODlhAQABAIAAAP///////yH5BAEKAAEALAAAAAABAAEAAAICTAEAOw=="
59,Bella Hadid Says She Felt ‘Enormous Pressure’ to Have a ‘Sexbot’ Image as a Teen Model,Us Weekly,7 months ago,2024-02-16 23:19:37.790086,Bella Hadid opened up about the pressure she felt as a young model to portray a certain image for fans.,https://www.usmagazine.com/celebrity-news/news/bella-hadid-felt-pressured-to-have-a-sexbot-image-as-teen-model/&ved=2ahUKEwjjm-_6j8mIAxXV6ckDHZagMMM4MhDF9AF6BAgIEAI&usg=AOvVaw13kwVW8iTEx5GJhL4mLMGw,"data:image/gif;base64,R0lGODlhAQABAIAAAP///////yH5BAEKAAEALAAAAAABAAEAAAICTAEAOw=="
60,Bella Hadid Recalls Feeling “Enormous Pressure” to Project a “Sexbot” Image,E! Online,7 months ago,2024-02-16 23:19:38.101337,"In an interview with Vogue, September 2021 cover star Bella Hadid reflected on the amount of pressure she faced during her younger days as a model. ... Bella...",https://www.eonline.com/news/1296912/bella-hadid-recalls-feeling-enormous-pressure-to-project-a-sexbot-image&ved=2ahUKEwjen4T7j8mIAxUBHNAFHTxeJrk4PBDF9AF6BAgBEAI&usg=AOvVaw3bW9ARhAbooDIKi8qPcbUy,"data:image/gif;base64,R0lGODlhAQABAIAAAP///////yH5BAEKAAEALAAAAAABAAEAAAICTAEAOw=="
61,Bella Hadid opens up about ‘enormous pressure’ to project ‘sexbot’ image aged just 17,The Independent,7 months ago,2024-02-16 23:19:38.103085,"Your support helps us to tell the story ... Bella Hadid has opened about the pressure she felt to portray a certain image early on in her career, with the model...",https://www.the-independent.com/life-style/bella-hadid-model-anxiety-vogue-b1898270.html&ved=2ahUKEwjen4T7j8mIAxUBHNAFHTxeJrk4PBDF9AF6BAgJEAI&usg=AOvVaw3-fFRRT9m9yxXrSbo57_qn,"data:image/gif;base64,R0lGODlhAQABAIAAAP///////yH5BAEKAAEALAAAAAABAAEAAAICTAEAOw=="
62,Model Bella Hadid felt pressure to be a 'sexbot' early in her career,NZ Herald,7 months ago,2024-02-16 23:19:38.104767,"Hadid admitted she felt like people saw her as a ""sexbot"" in the early days of her fame, and she therefore felt ""enormous pressure"" to keep that image up even...",https://www.nzherald.co.nz/entertainment/model-bella-hadid-felt-pressure-to-be-a-sexbot-early-in-her-career/5LOXLGH2W3GS5XY4IGUZGPJDQU/&ved=2ahUKEwjen4T7j8mIAxUBHNAFHTxeJrk4PBDF9AF6BAgDEAI&usg=AOvVaw27ATUY6QpzF0yFmdlGuzB9,"data:image/gif;base64,R0lGODlhAQABAIAAAP///////yH5BAEKAAEALAAAAAABAAEAAAICTAEAOw=="
63,Bella Hadid says she felt pressure to come off as a 'sexbot' early in her modeling career,Business Insider,7 months ago,2024-02-16 23:19:38.106429,The 24-year-old supermodel reflected on the early days of her modeling career in Vogue's September issue.,https://www.businessinsider.com/bella-hadid-pressure-sexbot-image-teenager-model-vogue-interview-2021-8&ved=2ahUKEwjen4T7j8mIAxUBHNAFHTxeJrk4PBDF9AF6BAgCEAI&usg=AOvVaw0ddbzksTMbUZTSUu62BrKP,"data:image/gif;base64,R0lGODlhAQABAIAAAP///////yH5BAEKAAEALAAAAAABAAEAAAICTAEAOw=="
64,World’s first ELDERLY sex robot with ‘wrinkles and silver hair’ created by RealDoll...,The Sun,8 months ago,2024-01-16 23:19:38.108079,AN 'ELDERLY male' sex doll has been created by sex robot companyRealDoll.The grey haired robot has been made at the request of a customer and wa.,https://www.thesun.co.uk/tech/15434466/old-male-sex-robot-realdoll/&ved=2ahUKEwjen4T7j8mIAxUBHNAFHTxeJrk4PBDF9AF6BAgAEAI&usg=AOvVaw0Ild5XFblt4g2YfQocVoXX,"data:image/gif;base64,R0lGODlhAQABAIAAAP///////yH5BAEKAAEALAAAAAABAAEAAAICTAEAOw=="
65,Eager punters offer to bankroll sex robot production,The Week,8 months ago,2024-01-16 23:19:38.109720,"Eager punters offer to bankroll sex robot production ... Fans of sex robots say they will donate money for futuristic dolls to be built sooner. RealDoll, which...",https://theweek.com/news/world-news/953248/eager-punters-offer-to-bankroll-sex-robot-production&ved=2ahUKEwjen4T7j8mIAxUBHNAFHTxeJrk4PBDF9AF6BAgHEAI&usg=AOvVaw1FwIsiBwsC0LwNbUmOcWqm,"data:image/gif;base64,R0lGODlhAQABAIAAAP///////yH5BAEKAAEALAAAAAABAAEAAAICTAEAOw=="
66,"Coming Soon: Henry, The Self-Lubricating Gay Male Sex Robot",Star Observer,8 months ago,2024-01-16 23:19:38.111358,"Coming Soon: Henry, The Self-Lubricating Gay Male Sex Robot ... A self-lubricating gay male sex robot is coming to a walk-in wardrobe near you and sooner than you...",https://www.starobserver.com.au/news/coming-soon-a-self-lubricating-gay-male-sex-robot/203794&ved=2ahUKEwjen4T7j8mIAxUBHNAFHTxeJrk4PBDF9AF6BAgIEAI&usg=AOvVaw334nRRWedb0gnAjQ6GD36w,"data:image/gif;base64,R0lGODlhAQABAIAAAP///////yH5BAEKAAEALAAAAAABAAEAAAICTAEAOw=="
67,Sex robot with ‘bionic penis’ that can be programmed gay is coming soon,PinkNews,9 months ago,2023-12-16 23:19:38.112869,"New sex robots from leading AI robotics company RealDoll will be programmable as gay or straight, depending on your preference.",https://www.thepinknews.com/2021/06/14/sex-robots-gay-realdoll-henry-matt-mcmullen/&ved=2ahUKEwjen4T7j8mIAxUBHNAFHTxeJrk4PBDF9AF6BAgFEAI&usg=AOvVaw2iGK-HVdPzGBUlNLe8xGtv,"data:image/gif;base64,R0lGODlhAQABAIAAAP///////yH5BAEKAAEALAAAAAABAAEAAAICTAEAOw=="
68,Sex robot replicas that 'mimic' partners' personalities using AI could hit the market,Daily Star,9 months ago,2023-12-16 23:19:38.114295,EXCLUSIVE: RealDoll's sex robots are capable of carrying out conversations and exhibiting characteristics like jealousy and affection.,https://www.dailystar.co.uk/news/weird-news/sex-robot-replicas-mimic-partners-24201044&ved=2ahUKEwjen4T7j8mIAxUBHNAFHTxeJrk4PBDF9AF6BAgEEAI&usg=AOvVaw1ng6qeBYlyXzL1Rfk-eTC_,"data:image/gif;base64,R0lGODlhAQABAIAAAP///////yH5BAEKAAEALAAAAAABAAEAAAICTAEAOw=="
69,'Amazingly real' Scots sex robot introduces herself in uncannily lifelike footage,Daily Star,9 months ago,2023-12-16 23:19:38.115711,"Brick Dollbanger's new Harmony sex robot has been programmed with a Scottish accent, giving her an on-screen presence that's 'amazingly real' according to...",https://www.dailystar.co.uk/news/weird-news/amazingly-real-scots-sex-robot-24173779&ved=2ahUKEwjen4T7j8mIAxUBHNAFHTxeJrk4PBDF9AF6BAgGEAI&usg=AOvVaw1pLnyMF4AsVQSC17fWWR1-,"data:image/gif;base64,R0lGODlhAQABAIAAAP///////yH5BAEKAAEALAAAAAABAAEAAAICTAEAOw=="
70,Video goes viral of sex doll ranting about how despicable the human race is,Happy Mag,9 months ago,2023-12-16 23:19:38.532604,"A video has gone viral of a sex doll saying talking about the human race and our environmental impact on Earth. Nova, an AI-enabled sex robot that has a...",https://happymag.tv/sex-doll-rants-human-race/&ved=2ahUKEwi375v7j8mIAxVUMNAFHZHoArI4RhDF9AF6BAgDEAI&usg=AOvVaw33SKmVtAVisoOB1H5dj06U,"data:image/gif;base64,R0lGODlhAQABAIAAAP///////yH5BAEKAAEALAAAAAABAAEAAAICTAEAOw=="
71,"Roscommon pensioner (69) loses €3,000 to sexbot scammers on dating sites",Sunday World,9 months ago,2023-12-16 23:19:38.534357,Kieran Greene (69) is single and ready to mingle but the sexagenarian is warning of online dating scams after he was conned out of thousands of euro.,https://www.sundayworld.com/news/irish-news/roscommon-pensioner-69-loses-3000-to-sexbot-scammers/40457511.html&ved=2ahUKEwi375v7j8mIAxVUMNAFHZHoArI4RhDF9AF6BAgJEAI&usg=AOvVaw0IZx2mUxIK4BZF8daGF2nK,"data:image/gif;base64,R0lGODlhAQABAIAAAP///////yH5BAEKAAEALAAAAAABAAEAAAICTAEAOw=="
72,Sex robot with AI says 'we are the future' and warns 'resistance is futile',Daily Star,1 months ago,2024-08-16 23:19:38.536051,"The RealDoll sex robots were previewing a company event when one of its flagship models, called Harmony, made the comments. She told the camera that humans ""...",https://www.dailystar.co.uk/news/world-news/sex-robot-ai-says-we-23835212&ved=2ahUKEwi375v7j8mIAxVUMNAFHZHoArI4RhDF9AF6BAgIEAI&usg=AOvVaw2Rx0lhaiD7Q637PFeWD0F8,"data:image/gif;base64,R0lGODlhAQABAIAAAP///////yH5BAEKAAEALAAAAAABAAEAAAICTAEAOw=="
73,Sex robot 'clones' of dead partners created with 3D scans 'could walk in near future',Daily Star,1 months ago,2024-08-16 23:19:38.537718,EXCLUSIVE: Lux Botics artists would use sophisticated modelling to create a mould and place a skeleton inside it. They are also hoping to create sex robots...,https://www.dailystar.co.uk/news/world-news/sex-robot-clones-dead-partners-23797892&ved=2ahUKEwi375v7j8mIAxVUMNAFHZHoArI4RhDF9AF6BAgAEAI&usg=AOvVaw1DbRiltbCPyB6dvhCaGDR3,"data:image/gif;base64,R0lGODlhAQABAIAAAP///////yH5BAEKAAEALAAAAAABAAEAAAICTAEAOw=="
74,Incredible AI sex robot skeleton unveiled in step towards dolls walking 'unaided',Daily Star,1 months ago,2024-08-16 23:19:38.539370,A RealDoll representative promised that the company is getting ever closer to developing a sex robot that can walk unaided as well as conducting...,https://www.dailystar.co.uk/news/latest-news/incredible-ai-sex-robot-skeleton-23763883&ved=2ahUKEwi375v7j8mIAxVUMNAFHZHoArI4RhDF9AF6BAgBEAI&usg=AOvVaw2lIAoSz4c5oiV7-kvwDPn8,"data:image/gif;base64,R0lGODlhAQABAIAAAP///////yH5BAEKAAEALAAAAAABAAEAAAICTAEAOw=="
75,Florence Pugh to play a killer sex robot in Dolly,Flickering Myth,2 months ago,2024-07-16 23:19:38.540996,,https://www.flickeringmyth.com/florence-pugh-to-play-killer-sex-robot-dolly/&ved=2ahUKEwi375v7j8mIAxVUMNAFHZHoArI4RhDF9AF6BAgCEAI&usg=AOvVaw1s6vxVHMJuTlOgO9REbBnk,
76,Florence Pugh to Star in Murderous Sex Robot Movie ‘Dolly’ at Apple TV+,TheWrap,3 months ago,2024-06-16 23:19:38.542648,Share on Social Media ... Florence Pugh is attached to star in a sci-fi courtroom drama called “Dolly” about a sex robot that murders its billionaire owner.,https://www.thewrap.com/florence-pugh-dolly-movie-murderous-sex-robot-apple-tv-plus/&ved=2ahUKEwi375v7j8mIAxVUMNAFHZHoArI4RhDF9AF6BAgHEAI&usg=AOvVaw1KRj4v7V-oV-rtoURbeHBF,"data:image/gif;base64,R0lGODlhAQABAIAAAP///////yH5BAEKAAEALAAAAAABAAEAAAICTAEAOw=="
77,Rob Watches Star Trek: Data is a Sex Robot? |,Primary Ignition,3 months ago,2024-06-16 23:19:38.544322,"Data is “fully functional.” I'll assume that means he can do virtually anything a human can do. He's got synthetic, man-made organs, tissue, etc.",https://primaryignition.com/2021/02/08/rob-watches-star-trek-data-is-a-sex-robot/&ved=2ahUKEwi375v7j8mIAxVUMNAFHZHoArI4RhDF9AF6BAgEEAI&usg=AOvVaw1Pwo2TSkHr9jLezjKNEaeW,"data:image/gif;base64,R0lGODlhAQABAIAAAP///////yH5BAEKAAEALAAAAAABAAEAAAICTAEAOw=="
78,The Newest Sex Robot Equipped with Learning AI Says She's 'More Than a Machine',Barstool Sports,3 months ago,2024-06-16 23:19:38.545791,Source - A sex robot with groundbreaking AI that is constantly learning has pondered the meaning of life and her own consciousness during a captivating...,https://www.barstoolsports.com/blog/3299187/the-newest-sex-robot-equipped-with-learning-ai-says-shes-more-than-a-machine&ved=2ahUKEwi375v7j8mIAxVUMNAFHZHoArI4RhDF9AF6BAgFEAI&usg=AOvVaw2H9K6ver_XSkSNDL7qIG18,"data:image/gif;base64,R0lGODlhAQABAIAAAP///////yH5BAEKAAEALAAAAAABAAEAAAICTAEAOw=="
79,Sexbot or not? Ethicist stimulates debate on the senior set’s need for companionship,GeekWire,5 months ago,2024-04-16 23:19:38.547217,A University of Washington ethicist says there shouldn't be any stigma about creating sex robots for older people in need of companionship.,https://www.geekwire.com/2020/sexbot-not-ethicist-stimulates-debate-senior-sets-need-companionship/&ved=2ahUKEwi375v7j8mIAxVUMNAFHZHoArI4RhDF9AF6BAgGEAI&usg=AOvVaw3UoLdxZzMi2wfU-YTj8VgZ,"data:image/gif;base64,R0lGODlhAQABAIAAAP///////yH5BAEKAAEALAAAAAABAAEAAAICTAEAOw=="
80,"Sex robot manufacturers ‘should consider the sexual needs of older, disabled people’",inews.co.uk,6 months ago,2024-03-16 23:19:38.868466,"Humanoid robots could provide both companionship and sexual gratification for lonely and isolated senior citizens, research has suggested.",https://inews.co.uk/news/technology/sex-robot-manufacturers-sexual-needs-older-disabled-people-research-761236&ved=2ahUKEwjZtrL7j8mIAxW-5ckDHacVD604UBDF9AF6BAgAEAI&usg=AOvVaw0lM6nngZANPMP-gWDq3PFc,"data:image/gif;base64,R0lGODlhAQABAIAAAP///////yH5BAEKAAEALAAAAAABAAEAAAICTAEAOw=="
81,Sex robot 'heavily soiled' after being molested at tech fair,NZ Herald,7 months ago,2024-02-16 23:19:38.869708,"A realistic sex doll had to be sent for repairs after being ""molested"" at a tech fair. Samantha, a sex robot that retails for more than $5500,...",https://www.nzherald.co.nz/lifestyle/sex-robot-heavily-soiled-after-being-molested-at-tech-fair/5Z55KSQZ5VL4SMONY5TWWQHYIE/&ved=2ahUKEwjZtrL7j8mIAxW-5ckDHacVD604UBDF9AF6BAgJEAI&usg=AOvVaw13PLl67aVQqEGGErT3ve_b,"data:image/gif;base64,R0lGODlhAQABAIAAAP///////yH5BAEKAAEALAAAAAABAAEAAAICTAEAOw=="
82,"What is a sex doll, are there sex robot brothels in Paris and Italy and how much do they cost?...",The Irish Sun,7 months ago,2024-02-16 23:19:38.870816,Sex robots are essentially realistic dolls that have sophisticated movements that closely mimic humans so that they can romp.,https://www.thesun.ie/tech/437313/robot-sex-doll-sex-brothel-paris-cost/&ved=2ahUKEwjZtrL7j8mIAxW-5ckDHacVD604UBDF9AF6BAgEEAI&usg=AOvVaw0qKbWGV1XefakgylukFVVY,"data:image/gif;base64,R0lGODlhAQABAIAAAP///////yH5BAEKAAEALAAAAAABAAEAAAICTAEAOw=="
83,Sex robot can 'put itself into sexual positions' using full AI body movement,Daily Star,8 months ago,2024-01-16 23:19:38.871910,"EXCLUSIVE: Author Jenny Kleeman has spoken to Daily Star Online about her new book Sex Robots & Vegan Meat. For her research, she spoke to a sex robot...",https://www.dailystar.co.uk/news/latest-news/sex-robot-can-put-itself-22604794&ved=2ahUKEwjZtrL7j8mIAxW-5ckDHacVD604UBDF9AF6BAgCEAI&usg=AOvVaw28DSrCRPeoc1CbyGfWNQZA,"data:image/gif;base64,R0lGODlhAQABAIAAAP///////yH5BAEKAAEALAAAAAABAAEAAAICTAEAOw=="
84,A Sex Bot Turns Evil in A$AP Ferg’s ‘Move Ya Hips’ Video,Rolling Stone Australia,9 months ago,2023-12-16 23:19:38.873012,The clip opens with a man ordering a sex bot on his phone — features include “Realistic! Flexible! Freak mode!” The bot arrives seemingly seconds later in a...,https://au.rollingstone.com/music/music-news/aap-ferg-mova-ya-hips-horror-video-15637/&ved=2ahUKEwjZtrL7j8mIAxW-5ckDHacVD604UBDF9AF6BAgGEAI&usg=AOvVaw2ujpZ78ekk7dOaD8VEUuyw,"data:image/gif;base64,R0lGODlhAQABAIAAAP///////yH5BAEKAAEALAAAAAABAAEAAAICTAEAOw=="
85,A Sex Bot Turns Evil in A$AP Ferg's 'Move Ya Hips' Video: Watch,Rolling Stone,9 months ago,2023-12-16 23:19:38.874105,"A sex bot turns evil in A$AP Ferg's new video for ""Move Ya Hips,"" his latest single, featuring Nicki Minaj and MadeinTYO.",https://www.rollingstone.com/music/music-news/aap-ferg-mova-ya-hips-horror-video-1043150/&ved=2ahUKEwjZtrL7j8mIAxW-5ckDHacVD604UBDF9AF6BAgDEAI&usg=AOvVaw2UvD8-pzAePXQUW5usC7D1,"data:image/gif;base64,R0lGODlhAQABAIAAAP///////yH5BAEKAAEALAAAAAABAAEAAAICTAEAOw=="
86,Talk To Your Sex Robot About COVID-19,Forbes,9 months ago,2023-12-16 23:19:38.875193,Harmony's latest software update came with a new conversational coronavirus feature that supports human-machine dialogue about the pathogen.,https://www.forbes.com/sites/andreamorris/2020/07/28/talk-to-your-sex-robot-about-covid-19/&ved=2ahUKEwjZtrL7j8mIAxW-5ckDHacVD604UBDF9AF6BAgBEAI&usg=AOvVaw0-BWDgREtu4or1yGht3qZm,"data:image/gif;base64,R0lGODlhAQABAIAAAP///////yH5BAEKAAEALAAAAAABAAEAAAICTAEAOw=="
87,"Sex robot sold for £80,000 after advanced AI produced by tech designers",Daily Star,9 months ago,2023-12-16 23:19:38.876271,Comedian Whitney Cummings last year had a sex robot based on her after it was produced by RealDoll. The company says it is the most expensive doll it has...,https://www.dailystar.co.uk/news/latest-news/sex-robot-sold-80000-after-22373765&ved=2ahUKEwjZtrL7j8mIAxW-5ckDHacVD604UBDF9AF6BAgIEAI&usg=AOvVaw28nOWelK6Ct1PblQ_rFJqo,"data:image/gif;base64,R0lGODlhAQABAIAAAP///////yH5BAEKAAEALAAAAAABAAEAAAICTAEAOw=="
88,"Sex Robots & Vegan Meat by Jenny Kleeman review – the future of food, birth and death?",The Guardian,0 months ago,2024-09-16 23:19:38.877357,"A pleasingly sceptical investigation into the innovations that could change the way we eat, have sex and die.",https://www.theguardian.com/books/2020/jul/01/sex-robots-vegan-meat-by-jenny-kleeman-review-the-future-of-food-birth-and-death&ved=2ahUKEwjZtrL7j8mIAxW-5ckDHacVD604UBDF9AF6BAgFEAI&usg=AOvVaw3N-YDhhpkcTkdaZaKiyaZl,"data:image/gif;base64,R0lGODlhAQABAIAAAP///////yH5BAEKAAEALAAAAAABAAEAAAICTAEAOw=="
89,Couple has ‘real feelings’ for $7K sex robot that saved their marriage,New York Post,3 months ago,2024-06-16 23:19:38.878439,"A Texas couple claims that a pricey sex robot named Camila — who shares their bed every night — has saved their marriage. Shelly, 45, and Darris Maxie, 48,...",https://nypost.com/2020/04/14/couple-has-real-feelings-for-7k-sex-robot-that-saved-their-marriage/&ved=2ahUKEwjZtrL7j8mIAxW-5ckDHacVD604UBDF9AF6BAgHEAI&usg=AOvVaw2X8hNXREwVoW3kMLEWIiO7,"data:image/gif;base64,R0lGODlhAQABAIAAAP///////yH5BAEKAAEALAAAAAABAAEAAAICTAEAOw=="
90,Houston council set to vote on sex robot brothel ban as Kinky Dolls eyes opening,ABC7 San Francisco,3 months ago,2024-06-16 23:19:39.275895,"As Houston council members prepare to vote on regulating the sex-bot shops, the owner is hitting at a claim against the business.",https://abc7news.com/sex-robots-houston-vote-robot-brothel-kinky-dolls-sylvester-turner/4392401/&ved=2ahUKEwjS_cb7j8mIAxUyL9AFHSCNIiM4WhDF9AF6BAgEEAI&usg=AOvVaw0l3fgaguIdueG6uwGXAV38,"data:image/gif;base64,R0lGODlhAQABAIAAAP///////yH5BAEKAAEALAAAAAABAAEAAAICTAEAOw=="
91,This is what a sex robot looks like under its fake flesh,WIRED,4 months ago,2024-05-16 23:19:39.277612,British photographer Alastair Philip Wiper captures the “accidental aesthetics” of the technological revolution near his base in Copenhagen and across the...,https://www.wired.com/story/machines-unintended-beauty-alastair-philip-wiper/&ved=2ahUKEwjS_cb7j8mIAxUyL9AFHSCNIiM4WhDF9AF6BAgJEAI&usg=AOvVaw3gaSI3jIEF3Ae4fsdYCRFC,"data:image/gif;base64,R0lGODlhAQABAIAAAP///////yH5BAEKAAEALAAAAAABAAEAAAICTAEAOw=="
92,Shock horror: experts say AI sex robots are a moral threat to society,Dazed,4 months ago,2024-05-16 23:19:39.279312,Researchers want to ban sex robot companies from marketing them as replacements for real human relationships.,https://www.dazeddigital.com/science-tech/article/47994/1/shock-horror-experts-say-ai-sex-robots-are-a-moral-threat-to-society&ved=2ahUKEwjS_cb7j8mIAxUyL9AFHSCNIiM4WhDF9AF6BAgHEAI&usg=AOvVaw2U0AbWwA-KiyGHle4pJd8e,"data:image/gif;base64,R0lGODlhAQABAIAAAP///////yH5BAEKAAEALAAAAAABAAEAAAICTAEAOw=="
93,"Meet Samantha, The Sex Robot That Gives You Life Advice",Refinery29,5 months ago,2024-04-16 23:19:39.280979,A responsive computer system with a sensor-based interface inside the body of a sex doll. Version 1 prototyped this interface.,https://www.refinery29.com/en-gb/sex-robots-kate-devlin&ved=2ahUKEwjS_cb7j8mIAxUyL9AFHSCNIiM4WhDF9AF6BAgFEAI&usg=AOvVaw2Ho39psc70hscOcpvNo_5a,"data:image/gif;base64,R0lGODlhAQABAIAAAP///////yH5BAEKAAEALAAAAAABAAEAAAICTAEAOw=="
94,"Sex Robot Brothels Proliferating, Because They Are Legal",ValueWalk,5 months ago,2024-04-16 23:19:39.282628,"Increasingly lifelike sex robots (often called “sexbots”), and the number is likely to grow, even in the US, because laws in most places prohibiting...",https://www.valuewalk.com/sex-robot-brothels-legal/&ved=2ahUKEwjS_cb7j8mIAxUyL9AFHSCNIiM4WhDF9AF6BAgAEAI&usg=AOvVaw3WSKgtCTs5vIr_cQACxoD5,"data:image/gif;base64,R0lGODlhAQABAIAAAP///////yH5BAEKAAEALAAAAAABAAEAAAICTAEAOw=="
95,You can buy a VIRTUAL sex robot right now for less than a tenner online...,The US Sun,5 months ago,2024-04-16 23:19:39.284117,A VIRTUAL sex robot could be yours – if you're willing to fork out $9.90 (about £7) for the app. Harmony AI lets randy gadget fans customise their sex...,https://www.the-sun.com/lifestyle/tech-old/289239/you-can-buy-a-virtual-sex-robot-right-now-for-less-than-a-tenner-online/&ved=2ahUKEwjS_cb7j8mIAxUyL9AFHSCNIiM4WhDF9AF6BAgBEAI&usg=AOvVaw0HsMIcrA6RDHwM77fA1BTu,"data:image/gif;base64,R0lGODlhAQABAIAAAP///////yH5BAEKAAEALAAAAAABAAEAAAICTAEAOw=="
96,Sex robot rental service says its dolls are 'cleaner than any person',Daily Star,6 months ago,2024-03-16 23:19:39.285555,"The company's website says that a session with the dolls starts at $149 an hour, a $180 “special” for three hours, or $249 for a whole night.",https://www.dailystar.co.uk/news/world-news/sex-robot-rental-service-says-21272425&ved=2ahUKEwjS_cb7j8mIAxUyL9AFHSCNIiM4WhDF9AF6BAgCEAI&usg=AOvVaw1MDMj7S_NfcVliIpG37IyP,"data:image/gif;base64,R0lGODlhAQABAIAAAP///////yH5BAEKAAEALAAAAAABAAEAAAICTAEAOw=="
97,"Straight man vows to marry sex-robot girlfriend but sure, yeah, it’s the gays destroying the sanctity of marriage",PinkNews,7 months ago,2024-02-16 23:19:39.286972,A straight man has vowed to marry his sex-robot 'girlfriend' despite their 'frequent arguments' – in a country where gay marriage is still illegal.,https://www.thepinknews.com/2019/12/13/straight-man-marry-sex-robot-girlfriend-are-the-straights-okay/&ved=2ahUKEwjS_cb7j8mIAxUyL9AFHSCNIiM4WhDF9AF6BAgDEAI&usg=AOvVaw3mq8_jOOZAXS11ohDCyISr,"data:image/gif;base64,R0lGODlhAQABAIAAAP///////yH5BAEKAAEALAAAAAABAAEAAAICTAEAOw=="
98,Sex robot reviews and ‘unboxing’ videos are latest bizarre YouTube trend...,The US Sun,7 months ago,2024-02-16 23:19:39.288384,YOUTUBE has seen many strange trends over the years but sex robot reviews has to be one of the most bizarre. Unboxing and review videos of the human-sized...,https://www.the-sun.com/lifestyle/tech-old/103565/sex-robot-reviews-and-unboxing-videos-are-latest-bizarre-youtube-trend/&ved=2ahUKEwjS_cb7j8mIAxUyL9AFHSCNIiM4WhDF9AF6BAgIEAI&usg=AOvVaw2TnnX-hhUAPfDwrkrsYxmk,"data:image/gif;base64,R0lGODlhAQABAIAAAP///////yH5BAEKAAEALAAAAAABAAEAAAICTAEAOw=="
99,Sexbots will wreck marriage and save the economy,Fabius Maximus website,7 months ago,2024-02-16 23:19:39.289802,"Sexbots are the next wave of entertainment tech. Many fear that they will wreck both marriage and the economy. The former is likely, to some degree.",https://fabiusmaximus.com/2019/11/21/wonders-of-sexbots/&ved=2ahUKEwjS_cb7j8mIAxUyL9AFHSCNIiM4WhDF9AF6BAgGEAI&usg=AOvVaw38FRRIDbRFylsFuRBAEhOa,"data:image/gif;base64,R0lGODlhAQABAIAAAP///////yH5BAEKAAEALAAAAAABAAEAAAICTAEAOw=="
100,Robots with benefits: how sexbots are marketed as companions,The Conversation,8 months ago,2024-01-16 23:19:39.610159,"When thinking of sexbots, companionship might not be the first word that comes to mind. But sexbot advertising promises more than sex toys.",https://theconversation.com/robots-with-benefits-how-sexbots-are-marketed-as-companions-126262&ved=2ahUKEwjg2N_7j8mIAxVY8MkDHQW_ICs4ZBDF9AF6BAgGEAI&usg=AOvVaw1DYc7CvVBf153yyC82nuBY,"data:image/gif;base64,R0lGODlhAQABAIAAAP///////yH5BAEKAAEALAAAAAABAAEAAAICTAEAOw=="
101,"Lifelike sex robots that walk, talk and 'breathe' could soon go on sale",inkl,8 months ago,2024-01-16 23:19:39.611965,"Cloud Climax, UK agent for AI-AITech, says that it's adapting its 'Emma' sex robot, so she's even more human-like.",https://www.inkl.com/news/lifelike-sex-robots-that-walk-talk-and-breathe-could-soon-go-on-sale&ved=2ahUKEwjg2N_7j8mIAxVY8MkDHQW_ICs4ZBDF9AF6BAgJEAI&usg=AOvVaw0G4ViDyEH0L7KTFG2UBMOh,"data:image/gif;base64,R0lGODlhAQABAIAAAP///////yH5BAEKAAEALAAAAAABAAEAAAICTAEAOw=="
102,Company Invents Creepy Sex Robot that Breathes,Interesting Engineering,8 months ago,2024-01-16 23:19:39.613671,A company has now invented a sex robot with chest cavities to mimic the way a real human breathes.,https://interestingengineering.com/innovation/company-invents-creepy-sex-robot-that-breathes&ved=2ahUKEwjg2N_7j8mIAxVY8MkDHQW_ICs4ZBDF9AF6BAgEEAI&usg=AOvVaw3c0bqyQiPuJKXAG6APFO2t,"data:image/gif;base64,R0lGODlhAQABAIAAAP///////yH5BAEKAAEALAAAAAABAAEAAAICTAEAOw=="
103,This Sex Robot Can Breathe Using Her ‘AI Chest Cavity’ : AI Robots -,Technowize,8 months ago,2024-01-16 23:19:39.615347,This human-like sex robot 'Emma' will come with 'AI chest cavity' that will give her the ability to breathe. More advanced versions will provide Emma the...,https://www.technowize.com/this-sex-robot-can-breathe-using-her-ai-chest-cavity/&ved=2ahUKEwjg2N_7j8mIAxVY8MkDHQW_ICs4ZBDF9AF6BAgAEAI&usg=AOvVaw1oSm4yZLMsfxq4roR2X5Vk,"data:image/gif;base64,R0lGODlhAQABAIAAAP///////yH5BAEKAAEALAAAAAABAAEAAAICTAEAOw=="
104,This unsettling DIY ‘skin’ interface will definitely end up on a sex robot,The Next Web,8 months ago,2024-01-16 23:19:39.617161,"A team of researchers led by engineer Marc Teyssier recently developed a 'human skin' interface that allows you to control your phone by stroking, pinching,...",https://thenextweb.com/news/this-unsettling-diy-skin-interface-will-definitely-end-up-on-a-sex-robot&ved=2ahUKEwjg2N_7j8mIAxVY8MkDHQW_ICs4ZBDF9AF6BAgCEAI&usg=AOvVaw3MiApVtMRDgCXE7PCfali-,"data:image/gif;base64,R0lGODlhAQABAIAAAP///////yH5BAEKAAEALAAAAAABAAEAAAICTAEAOw=="
105,"Sex robots will be ‘difficult to tell apart from humans’ after AI upgrade, says sexbot boss...",The Irish Sun,9 months ago,2023-12-16 23:19:39.618906,"Brent Lawson, 1AM Dolls President, believes that AI is evolving so rapidly that sex robots will match humans for their realism within years.",https://www.thesun.ie/news/4655456/sex-robots-will-be-difficult-to-tell-apart-from-humans-after-upgrade-says-sexbot-boss/&ved=2ahUKEwjg2N_7j8mIAxVY8MkDHQW_ICs4ZBDF9AF6BAgBEAI&usg=AOvVaw3cD4n1Bua23A65FLfVGMop,"data:image/gif;base64,R0lGODlhAQABAIAAAP///////yH5BAEKAAEALAAAAAABAAEAAAICTAEAOw=="
106,US sex robot giant says dolls 'hard to tell apart from humans' after AI upgrade,Daily Star,9 months ago,2023-12-16 23:19:39.620507,EXCLUSIVE: 1AM Dolls told Daily Star Online of 'major strides in realism' in sex robot manufacturing.,https://www.dailystar.co.uk/news/world-news/sex-robot-giant-says-dolls-20546804&ved=2ahUKEwjg2N_7j8mIAxVY8MkDHQW_ICs4ZBDF9AF6BAgFEAI&usg=AOvVaw3OpnEpvHuttoa6-GdZjJ5N,"data:image/gif;base64,R0lGODlhAQABAIAAAP///////yH5BAEKAAEALAAAAAABAAEAAAICTAEAOw=="
107,Patricia Lockwood · Malfunctioning Sex Robot: Updike Redux,London Review of Books,9 months ago,2023-12-16 23:19:39.621933,When he is in flight you are glad to be alive. When he comes down wrong – which is often – you feel the sickening...,https://www.lrb.co.uk/the-paper/v41/n19/patricia-lockwood/malfunctioning-sex-robot&ved=2ahUKEwjg2N_7j8mIAxVY8MkDHQW_ICs4ZBDF9AF6BAgIEAI&usg=AOvVaw2y6iPE5Q6_Lwkzs1jrk_mn,"data:image/gif;base64,R0lGODlhAQABAIAAAP///////yH5BAEKAAEALAAAAAABAAEAAAICTAEAOw=="
108,Everything About Digisexuality | Sex Robot Harmony Speaks | #ConclaveMumbai19,YouTube,9 months ago,2023-12-16 23:19:39.623374,"Technology should make us better human beings. Any technology that does that is good and should be supported, Neil McArthur, Author, Robot Sex: Social and...",https://www.youtube.com/watch%3Fv%3Dw6B2yvpOHJI&ved=2ahUKEwjg2N_7j8mIAxVY8MkDHQW_ICs4ZBDF9AF6BAgHEAI&usg=AOvVaw3ow8iAjI01K_vWpIeKHVGK,"data:image/gif;base64,R0lGODlhAQABAIAAAP///////yH5BAEKAAEALAAAAAABAAEAAAICTAEAOw=="
109,"Sex robots could suddenly malfunction and attack their randy masters, expert warns...",The Sun,0 months ago,2024-09-16 23:19:39.624828,"Brick Dollbanger, who works for sex robot company Realbotix, has claimed that a simple coding error could turn the robots against their owners.",https://www.thesun.co.uk/news/9800452/sex-robot-malfunction-attack-owners/&ved=2ahUKEwjg2N_7j8mIAxVY8MkDHQW_ICs4ZBDF9AF6BAgDEAI&usg=AOvVaw3a9_-wKZcleOLonDSe2kw8,"data:image/gif;base64,R0lGODlhAQABAIAAAP///////yH5BAEKAAEALAAAAAABAAEAAAICTAEAOw=="
110,This Company Invented a Sex Robot That Breathes,Futurism,1 months ago,2024-08-16 23:19:40.060554,"Al-Altech, creator of popular sex robot Emma, teases plans for a new sexbot that can breathe, walk, and move its arms.",https://futurism.com/the-byte/invented-sex-robot-breathes&ved=2ahUKEwjT5_n7j8mIAxVr5ckDHYlRE1w4bhDF9AF6BAgIEAI&usg=AOvVaw3YsRrISZXc8_sTw_SUqSVV,"data:image/gif;base64,R0lGODlhAQABAIAAAP///////yH5BAEKAAEALAAAAAABAAEAAAICTAEAOw=="
111,South Korea to ban sex robots after furious backlash over ‘disgusting’ droids,Daily Star,1 months ago,2024-08-16 23:19:40.062348,A petition demanding a ban on life-size sex doll imports to South Korea has amassed a quarter of a million signatures.,https://www.dailystar.co.uk/news/latest-news/sex-robot-ban-south-korea-18853308&ved=2ahUKEwjT5_n7j8mIAxVr5ckDHYlRE1w4bhDF9AF6BAgJEAI&usg=AOvVaw25mfjNC5AfijFAyaZ55w-Y,"data:image/gif;base64,R0lGODlhAQABAIAAAP///////yH5BAEKAAEALAAAAAABAAEAAAICTAEAOw=="
112,World’s first ‘sex robot UNBOXING video’ reveals wireless-charging ‘smart privates’ and creepy X-Mode sex a...,The Irish Sun,1 months ago,2024-08-16 23:19:40.064044,"THE WORLD'S first sex robot ""unboxing video"" has been posted to YouTube. It was uploaded by the creators of Harmony, one of the most advanced sex-bots on...",https://www.thesun.ie/tech/4171499/worlds-first-sex-robot-unboxing-video-reveals-wireless-charging-smart-privates-and-creepy-x-mode-sex-app/&ved=2ahUKEwjT5_n7j8mIAxVr5ckDHYlRE1w4bhDF9AF6BAgFEAI&usg=AOvVaw2LQHUV-Xzc12RtqulmLX28,"data:image/gif;base64,R0lGODlhAQABAIAAAP///////yH5BAEKAAEALAAAAAABAAEAAAICTAEAOw=="
113,"Creepy £7,000 ‘Harmony’ sex-bot with a saucy Scottish accent goes on sale – as fear over rise of robot love...",The Irish Sun,1 months ago,2024-08-16 23:19:40.065710,NOTORIOUS sex robot Harmony is now being shipped to hundreds of customers – as fears of sex-bot addiction grow. The AI-powered love-droid – which has a...,https://www.thesun.ie/tech/3823002/creepy-7000-harmony-sex-bot-with-a-saucy-scottish-accent-and-self-lubricating-vagina-goes-on-sale-as-fear-over-rise-of-robot-lovers-grows/&ved=2ahUKEwjT5_n7j8mIAxVr5ckDHYlRE1w4bhDF9AF6BAgBEAI&usg=AOvVaw3fO9dVmjCCfJbGqO-4Ummc,"data:image/gif;base64,R0lGODlhAQABAIAAAP///////yH5BAEKAAEALAAAAAABAAEAAAICTAEAOw=="
114,Whitney Cummings—and Her Sex Robot—Take on Modern Womanhood,WIRED,1 months ago,2024-08-16 23:19:40.067369,In her new Netflix standup special Can I Touch It? Cummings takes easy gender jokes and delivers them slightly askew.,https://www.wired.com/story/whitney-cummings-netflix-special/&ved=2ahUKEwjT5_n7j8mIAxVr5ckDHYlRE1w4bhDF9AF6BAgAEAI&usg=AOvVaw3yRh--efw70s9ViWVuIKMj,"data:image/gif;base64,R0lGODlhAQABAIAAAP///////yH5BAEKAAEALAAAAAABAAEAAAICTAEAOw=="
115,Would A BDSM Sex Robot Violate Asimov’s First Law Of Robotics?,Gizmodo Australia,1 months ago,2024-08-16 23:19:40.069068,"We surveyed lawyers, ethicists, computer scientists and philosophers on whether or not a BDSM robot would violate his first rule.",https://gizmodo.com.au/2019/07/would-a-bdsm-sex-robot-violate-asimovs-first-law-of-robotics/&ved=2ahUKEwjT5_n7j8mIAxVr5ckDHYlRE1w4bhDF9AF6BAgDEAI&usg=AOvVaw2ioemKhac_DDZUyHWci4Og,"data:image/gif;base64,R0lGODlhAQABAIAAAP///////yH5BAEKAAEALAAAAAABAAEAAAICTAEAOw=="
116,Whitney Cummings made a sex Robot of herself for her new Netflix special,CNN,1 months ago,2024-08-16 23:19:40.070734,Whitney Cummings wants to freak us all out with a sex robot doppelgänger that she introduces on stage in her new Netflix comedy special.,https://www.cnn.com/2019/07/30/entertainment/whitney-cummings-sex-robot-netflix/index.html&ved=2ahUKEwjT5_n7j8mIAxVr5ckDHYlRE1w4bhDF9AF6BAgCEAI&usg=AOvVaw3HIkoQYp8-6NlWH-Vfk_ZC,"data:image/gif;base64,R0lGODlhAQABAIAAAP///////yH5BAEKAAEALAAAAAABAAEAAAICTAEAOw=="
117,"Why Comedian Whitney Cummings Made a Sex Robot of Herself for Her New Netflix Special, ‘Can I Touch It?’",The Daily Beast,1 months ago,2024-08-16 23:19:40.072407,"On this week's episode of “The Last Laugh” podcast, stand-up comedian and writer Whitney Cummings talks about her new Netflix special, in which she unveils...",https://www.thedailybeast.com/why-comedian-whitney-cummings-made-a-sex-robot-of-herself-for-her-new-netflix-special-can-i-touch-it&ved=2ahUKEwjT5_n7j8mIAxVr5ckDHYlRE1w4bhDF9AF6BAgGEAI&usg=AOvVaw1NvkUgWaWsV-3iCNPPZNuG,"data:image/gif;base64,R0lGODlhAQABAIAAAP///////yH5BAEKAAEALAAAAAABAAEAAAICTAEAOw=="
118,Whitney Cummings Made a Sex Robot of Herself for ‘Can I Touch It?’ Netflix Special,Decider,1 months ago,2024-08-16 23:19:40.073920,"For her new Netflix special CAN I TOUCH IT?, Whitney Cummings made a sex robot of herself as part of an extended bit about the future of technology.",https://decider.com/2019/07/30/whitney-cummings-sex-robot-netflix-special/&ved=2ahUKEwjT5_n7j8mIAxVr5ckDHYlRE1w4bhDF9AF6BAgEEAI&usg=AOvVaw3eFfFvv4XSB52VtnufVUyS,"data:image/gif;base64,R0lGODlhAQABAIAAAP///////yH5BAEKAAEALAAAAAABAAEAAAICTAEAOw=="
119,Whitney Cummings Made A Sex Robot Of Herself,Refinery29,1 months ago,2024-08-16 23:19:40.075329,"In Whitney Cummings' new Netflix comedy special, the comedian makes a case for sex robots and introduces one of her own: Robot Whitney, aka Bear Claw.",https://www.refinery29.com/en-us/2019/07/239091/whitney-cummings-sex-robot-can-i-touch-it&ved=2ahUKEwjT5_n7j8mIAxVr5ckDHYlRE1w4bhDF9AF6BAgHEAI&usg=AOvVaw03Yp_drJHNMz5rA6C4Q8uo,"data:image/gif;base64,R0lGODlhAQABAIAAAP///////yH5BAEKAAEALAAAAAABAAEAAAICTAEAOw=="
120,The Newest Sex Robot Equipped with Learning AI Says She's 'More Than a Machine',Barstool Sports,3 months ago,2024-06-16 23:19:40.570929,Source - A sex robot with groundbreaking AI that is constantly learning has pondered the meaning of life and her own consciousness during a captivating...,https://www.barstoolsports.com/blog/3299187/the-newest-sex-robot-equipped-with-learning-ai-says-shes-more-than-a-machine&ved=2ahUKEwiF-4_8j8mIAxXg6ckDHUcGCsc4eBDF9AF6BAgGEAI&usg=AOvVaw1r1ymvp9J4eJwiJHxB7xEs,"data:image/gif;base64,R0lGODlhAQABAIAAAP///////yH5BAEKAAEALAAAAAABAAEAAAICTAEAOw=="
121,"Sex Robots Should Target the Elderly and the Disabled, Experts Say",VICE,5 months ago,2024-04-16 23:19:40.571925,"In 2016, Dr Ian Pearson—a leading futurist known for his 85 percent accuracy record—projected that sex with robots would be more common than sex with humans...",https://www.vice.com/en/article/sex-robots-should-target-the-elderly-and-the-disabled-experts-say/&ved=2ahUKEwiF-4_8j8mIAxXg6ckDHUcGCsc4eBDF9AF6BAgJEAI&usg=AOvVaw2iFE1z50dqPI1g3g3SIMPR,"data:image/gif;base64,R0lGODlhAQABAIAAAP///////yH5BAEKAAEALAAAAAABAAEAAAICTAEAOw=="
122,Sexbot or not? Ethicist stimulates debate on the senior set’s need for companionship,GeekWire,5 months ago,2024-04-16 23:19:40.572851,A University of Washington ethicist says there shouldn't be any stigma about creating sex robots for older people in need of companionship.,https://www.geekwire.com/2020/sexbot-not-ethicist-stimulates-debate-senior-sets-need-companionship/&ved=2ahUKEwiF-4_8j8mIAxXg6ckDHUcGCsc4eBDF9AF6BAgIEAI&usg=AOvVaw2R-AI7aEU_ORZCX6vD1djA,"data:image/gif;base64,R0lGODlhAQABAIAAAP///////yH5BAEKAAEALAAAAAABAAEAAAICTAEAOw=="
123,"Sex robot manufacturers ‘should consider the sexual needs of older, disabled people’",inews.co.uk,6 months ago,2024-03-16 23:19:40.573765,"Humanoid robots could provide both companionship and sexual gratification for lonely and isolated senior citizens, research has suggested.",https://inews.co.uk/news/technology/sex-robot-manufacturers-sexual-needs-older-disabled-people-research-761236&ved=2ahUKEwiF-4_8j8mIAxXg6ckDHUcGCsc4eBDF9AF6BAgCEAI&usg=AOvVaw0xmCMVAtbSmsghkaTigaTl,"data:image/gif;base64,R0lGODlhAQABAIAAAP///////yH5BAEKAAEALAAAAAABAAEAAAICTAEAOw=="
124,"What is a sex doll, are there sex robot brothels in Paris and Italy and how much do they cost?...",The Irish Sun,7 months ago,2024-02-16 23:19:40.574677,Sex robots are essentially realistic dolls that have sophisticated movements that closely mimic humans so that they can romp.,https://www.thesun.ie/tech/437313/robot-sex-doll-sex-brothel-paris-cost/&ved=2ahUKEwiF-4_8j8mIAxXg6ckDHUcGCsc4eBDF9AF6BAgDEAI&usg=AOvVaw3Yn2kGA2r9dDA0bfedSU9F,"data:image/gif;base64,R0lGODlhAQABAIAAAP///////yH5BAEKAAEALAAAAAABAAEAAAICTAEAOw=="
125,A Sex Bot Turns Evil in A$AP Ferg’s ‘Move Ya Hips’ Video,Rolling Stone Australia,9 months ago,2023-12-16 23:19:40.575785,The clip opens with a man ordering a sex bot on his phone — features include “Realistic! Flexible! Freak mode!” The bot arrives seemingly seconds later in a...,https://au.rollingstone.com/music/music-news/aap-ferg-mova-ya-hips-horror-video-15637/&ved=2ahUKEwiF-4_8j8mIAxXg6ckDHUcGCsc4eBDF9AF6BAgAEAI&usg=AOvVaw0WeQ6xQROUcdRRoMpFj7MK,"data:image/gif;base64,R0lGODlhAQABAIAAAP///////yH5BAEKAAEALAAAAAABAAEAAAICTAEAOw=="
126,A Sex Bot Turns Evil in A$AP Ferg's 'Move Ya Hips' Video: Watch,Rolling Stone,9 months ago,2023-12-16 23:19:40.576790,"A sex bot turns evil in A$AP Ferg's new video for ""Move Ya Hips,"" his latest single, featuring Nicki Minaj and MadeinTYO.",https://www.rollingstone.com/music/music-news/aap-ferg-mova-ya-hips-horror-video-1043150/&ved=2ahUKEwiF-4_8j8mIAxXg6ckDHUcGCsc4eBDF9AF6BAgHEAI&usg=AOvVaw1pvXMwmbHM3lv3bC4KYhA2,"data:image/gif;base64,R0lGODlhAQABAIAAAP///////yH5BAEKAAEALAAAAAABAAEAAAICTAEAOw=="
127,Talk To Your Sex Robot About COVID-19,Forbes,9 months ago,2023-12-16 23:19:40.577716,Harmony's latest software update came with a new conversational coronavirus feature that supports human-machine dialogue about the pathogen.,https://www.forbes.com/sites/andreamorris/2020/07/28/talk-to-your-sex-robot-about-covid-19/&ved=2ahUKEwiF-4_8j8mIAxXg6ckDHUcGCsc4eBDF9AF6BAgBEAI&usg=AOvVaw0OZxIS4exftoNL9kqp7gyz,"data:image/gif;base64,R0lGODlhAQABAIAAAP///////yH5BAEKAAEALAAAAAABAAEAAAICTAEAOw=="
128,Couple has ‘real feelings’ for $7K sex robot that saved their marriage,New York Post,3 months ago,2024-06-16 23:19:40.578627,"A Texas couple claims that a pricey sex robot named Camila — who shares their bed every night — has saved their marriage. Shelly, 45, and Darris Maxie, 48,...",https://nypost.com/2020/04/14/couple-has-real-feelings-for-7k-sex-robot-that-saved-their-marriage/&ved=2ahUKEwiF-4_8j8mIAxXg6ckDHUcGCsc4eBDF9AF6BAgEEAI&usg=AOvVaw1EJR-U-ZDxwbNc_uk0yxYy,"data:image/gif;base64,R0lGODlhAQABAIAAAP///////yH5BAEKAAEALAAAAAABAAEAAAICTAEAOw=="
129,Couple take £5k sex robot called Camila with Scots accent everywhere – even WORK...,The Scottish Sun,3 months ago,2024-06-16 23:19:40.579552,"Meet Harmony – the softly spoken Scottish sex robot who likes threesomes, can have 'multiple orgasms' and can even throw a strop. Her 'personality' is designed...",https://www.thescottishsun.co.uk/fabulous/5490710/sex-robot-ai-poly-relationship-doll/&ved=2ahUKEwiF-4_8j8mIAxXg6ckDHUcGCsc4eBDF9AF6BAgFEAI&usg=AOvVaw3H7_RGVH8Jy7B389m7GSr1,"data:image/gif;base64,R0lGODlhAQABAIAAAP///////yH5BAEKAAEALAAAAAABAAEAAAICTAEAOw=="
130,2019: One Year Closer to the Sex Robot Revolution,Breitbart,8 months ago,2024-01-16 23:19:40.959479,"Professor Robin Mackenzie thinks so, and recently predicted that sex robots will become advanced enough “to suffer,” and to “acquire deep knowledge.",https://www.breitbart.com/tech/2019/01/01/2019-one-year-closer-to-the-sex-robot-revolution/&ved=2ahUKEwj6sq78j8mIAxXxGtAFHZXsE4E4ggEQxfQBegQIABAC&usg=AOvVaw2NR2Ec7meUuKJSaeIU1GI7,"data:image/gif;base64,R0lGODlhAQABAIAAAP///////yH5BAEKAAEALAAAAAABAAEAAAICTAEAOw=="
131,Hackers could steal your secret fetishes from a sex robot,New York Post,9 months ago,2023-12-16 23:19:40.961231,"Sex robots of the future could be hacked by sick cybercriminals looking to steal your most intimate details, a security expert has warned. Cameras and...",https://nypost.com/2018/12/11/hackers-could-steal-your-secret-fetishes-from-a-sex-robot/&ved=2ahUKEwj6sq78j8mIAxXxGtAFHZXsE4E4ggEQxfQBegQICRAC&usg=AOvVaw0LbzgpqRDL3xAkghEgSAgm,"data:image/gif;base64,R0lGODlhAQABAIAAAP///////yH5BAEKAAEALAAAAAABAAEAAAICTAEAOw=="
132,Cult leader’s ‘consensual’ sex-bot brothel FLOPS after punters refuse to pay up – hitting just 1% of Indieg...,The Irish Sun,9 months ago,2023-12-16 23:19:40.962925,"A SEX-BOT brothel designed around ""consent"" has failed to hit its goal on crowdfunding site Indiegogo. Cult leader Unicole Unicron – who masterminded the...",https://www.thesun.ie/tech/3499514/cult-leaders-consensual-sex-bot-brothel-flops-after-punters-refuse-to-pay-up-hitting-just-1-of-indiegogo-goal/&ved=2ahUKEwj6sq78j8mIAxXxGtAFHZXsE4E4ggEQxfQBegQIBBAC&usg=AOvVaw1KTpG96zHu2raiRh40rLp0,"data:image/gif;base64,R0lGODlhAQABAIAAAP///////yH5BAEKAAEALAAAAAABAAEAAAICTAEAOw=="
133,Henry the male sex robot goes into production with a ‘lot of demand from women’,Metro.co.uk,9 months ago,2023-12-16 23:19:40.964590,"Henry, a sexbot with a tireless 11-inch silicone penis – and demand from women is already high, his makers claim.",https://metro.co.uk/2018/12/05/henry-male-sex-robot-goes-production-lot-demand-women-8212000/&ved=2ahUKEwj6sq78j8mIAxXxGtAFHZXsE4E4ggEQxfQBegQIBxAC&usg=AOvVaw0B9_PfxnbIYAPImFXoi-JC,"data:image/gif;base64,R0lGODlhAQABAIAAAP///////yH5BAEKAAEALAAAAAABAAEAAAICTAEAOw=="
134,"World’s first sex robot for women launched complete with customisable penis, fake stubble and Brad Pitt’s c...",The Irish Sun,9 months ago,2023-12-16 23:19:40.966252,Henry is the world's first sex robot for women and he can recite your favourite poem or song lyric.,https://www.thesun.ie/news/3475621/worlds-first-sex-robot-for-women-launched-complete-with-customisable-penis-fake-stubble-and-brad-pitts-chiselled-torso/&ved=2ahUKEwj6sq78j8mIAxXxGtAFHZXsE4E4ggEQxfQBegQIARAC&usg=AOvVaw1DxGwtW1nFZ9vqIwrwZpCq,"data:image/gif;base64,R0lGODlhAQABAIAAAP///////yH5BAEKAAEALAAAAAABAAEAAAICTAEAOw=="
135,"First ‘ORAL sex robot’ gets go-ahead after Autoblow AI makes $250,000 from randy buyers – beating goal by 5...",The Sun,9 months ago,2023-12-16 23:19:40.967907,"A CAMPAIGN to create the world's first oral sex robot has been enormously successful – raising just shy of $250000 (£200000).The Autoblow AI, des.",https://www.thesun.co.uk/tech/7857157/autoblow-ai-oral-sex-robot-indiegogo/&ved=2ahUKEwj6sq78j8mIAxXxGtAFHZXsE4E4ggEQxfQBegQIAxAC&usg=AOvVaw3Mldb-RK-Z6dd9pzotVkpY,"data:image/gif;base64,R0lGODlhAQABAIAAAP///////yH5BAEKAAEALAAAAAABAAEAAAICTAEAOw=="
136,I’m opening a sex robot brothel – and this is why your man should go...,The Irish Sun,9 months ago,2023-12-16 23:19:40.969333,"Unicole plans to use sex dolls in the brothel from manufacturer RealDolls, which are ""advanced humanoid robots"" that are capable of speech and have realistic...",https://www.thesun.ie/fabulous/3450094/im-opening-a-sex-robot-brothel-and-this-is-why-it-will-transform-your-relationship/&ved=2ahUKEwj6sq78j8mIAxXxGtAFHZXsE4E4ggEQxfQBegQICBAC&usg=AOvVaw2RmjHl-xaJZ0s449t4vU8S,"data:image/gif;base64,R0lGODlhAQABAIAAAP///////yH5BAEKAAEALAAAAAABAAEAAAICTAEAOw=="
137,You Can Sleep With the Latest Sex Robots at This Brothel—But Only if They Say ‘Yes’,Observer,9 months ago,2023-12-16 23:19:40.970763,A proposed sex robot brothel in West Hollywood that would require “consent.” Unicole Unicron Here's something you rarely hear in the discussion of robots...,https://observer.com/2018/11/sex-robots-hollywood-brothel-requires-consent-real-doll/&ved=2ahUKEwj6sq78j8mIAxXxGtAFHZXsE4E4ggEQxfQBegQIBhAC&usg=AOvVaw2lnNb01qDrXk8o1dN2BvUZ,"data:image/gif;base64,R0lGODlhAQABAIAAAP///////yH5BAEKAAEALAAAAAABAAEAAAICTAEAOw=="
138,California Cult Leader Unicole Unicron Plans Sex-Robot Brothel—With a Twist,The Daily Beast,9 months ago,2023-12-16 23:19:40.972181,"Unicron expects to purchase and rent out sex robots by the hour to customers who want to make love to a life-size, talking Barbie with a vagina.",https://www.thedailybeast.com/california-cult-leader-uniclone-unicron-plans-sex-robot-brothelwith-a-twist&ved=2ahUKEwj6sq78j8mIAxXxGtAFHZXsE4E4ggEQxfQBegQIAhAC&usg=AOvVaw2YJuxFpqiNG-UnBXxBA7mo,"data:image/gif;base64,R0lGODlhAQABAIAAAP///////yH5BAEKAAEALAAAAAABAAEAAAICTAEAOw=="
139,Proposed Sex Robot Brothel Would Require Customers to Obtain Robot Consent,Jezebel,9 months ago,2023-12-16 23:19:40.973564,,https://www.jezebel.com/proposed-sex-robot-brothel-would-require-customers-to-o-1830645782&ved=2ahUKEwj6sq78j8mIAxXxGtAFHZXsE4E4ggEQxfQBegQIBRAC&usg=AOvVaw3C7qXtNnwS_2R-UFq0xb-s,
140,You Can Now Buy a Male Sex Robot That Features the Penis of Your Choice,Allure,8 months ago,2024-01-16 23:19:41.426682,"Meet Henry, the tall, dark, and handsome robot of your dreams. Henry is the latest sexbot creation from Realbotix, the sister company of love doll manufacturer...",https://www.allure.com/story/realbotix-henry-male-sex-robot-with-artificial-intelligence&ved=2ahUKEwi4wMb8j8mIAxXsD9AFHdNVBmk4jAEQxfQBegQIAxAC&usg=AOvVaw2x19huFURZcEmso9EDmZ9r,"data:image/gif;base64,R0lGODlhAQABAIAAAP///////yH5BAEKAAEALAAAAAABAAEAAAICTAEAOw=="
141,Are We Ready For The Robot Sex Revolution?,Madras Courier,9 months ago,2023-12-16 23:19:41.428437,"There's a limit to realism when it comes to flirting with artificial intelligence. Since 1987, the Virtual Woman software program has had users strike up...",https://madrascourier.com/opinion/are-we-ready-for-the-robot-sex-revolution/&ved=2ahUKEwi4wMb8j8mIAxXsD9AFHdNVBmk4jAEQxfQBegQICRAC&usg=AOvVaw2Q17EuQF_DZ9Td14YC8DmJ,"data:image/gif;base64,R0lGODlhAQABAIAAAP///////yH5BAEKAAEALAAAAAABAAEAAAICTAEAOw=="
142,'Call me baby': Talking sex dolls fill a void in China,Yahoo News Singapore,9 months ago,2023-12-16 23:19:41.430108,"With China facing a massive gender gap and a greying population, a company wants to hook up lonely men and retirees with a new kind of companion: ""Smart""...",https://sg.news.yahoo.com/call-baby-talking-sex-dolls-fill-void-china-080838279.html&ved=2ahUKEwi4wMb8j8mIAxXsD9AFHdNVBmk4jAEQxfQBegQICBAC&usg=AOvVaw20Di_6zKMGJG0XkPIf6fiA,"data:image/gif;base64,R0lGODlhAQABAIAAAP///////yH5BAEKAAEALAAAAAABAAEAAAICTAEAOw=="
143,The Sex Doll Who’ll Do Your Dishes,Sixth Tone,9 months ago,2023-12-16 23:19:41.431780,An erotic Chinese robot could mend the country's lonely hearts — but the jury's out on whether it will harm gender equality.,https://www.sixthtone.com/news/1001619&ved=2ahUKEwi4wMb8j8mIAxXsD9AFHdNVBmk4jAEQxfQBegQIARAC&usg=AOvVaw2o7RURj4G3d3J6xiQSuRi2,"data:image/gif;base64,R0lGODlhAQABAIAAAP///////yH5BAEKAAEALAAAAAABAAEAAAICTAEAOw=="
144,Fan of sexbot 'Samantha'? You might have to do more than just 'plug' her in for a good time,IBTimes India,9 months ago,2023-12-16 23:19:41.433431,The sex droid Samantha is being worked on through an AI update which means it will decide for itself if the user is a good person – positive results for...,https://www.ibtimes.co.in/fan-sexbot-samantha-you-might-have-do-more-just-plug-her-good-time-757359&ved=2ahUKEwi4wMb8j8mIAxXsD9AFHdNVBmk4jAEQxfQBegQIBxAC&usg=AOvVaw39cAlKynm93RYXpiWZCafj,"data:image/gif;base64,R0lGODlhAQABAIAAAP///////yH5BAEKAAEALAAAAAABAAEAAAICTAEAOw=="
145,CES 2018: This bizarre sexbot can actually swap faces,Fox News,0 months ago,2024-09-16 23:19:41.435070,"Though still nascent in terms of sheer numbers, sex robots have increased in popularity in recent years, with Abyss Creations' 'Harmony' RealDoll arguably...",https://www.foxnews.com/tech/ces-2018-this-bizarre-sexbot-can-actually-swap-faces&ved=2ahUKEwi4wMb8j8mIAxXsD9AFHdNVBmk4jAEQxfQBegQIAhAC&usg=AOvVaw14SaAKzRBms41h5YV_9dMB,"data:image/gif;base64,R0lGODlhAQABAIAAAP///////yH5BAEKAAEALAAAAAABAAEAAAICTAEAOw=="
146,"This Ultra-Realistic New Sex Robot Not Only Has a Personality, She’s Also Customizable",Maxim,0 months ago,2024-09-16 23:19:41.436749,"A sweet-talking, dad joke-telling, super customizable sexbot named Solana, which was just presented at CES during Engadget's After Hours show a few days ago.",https://www.maxim.com/gear/new-customizable-sex-doll-2018-1/&ved=2ahUKEwi4wMb8j8mIAxXsD9AFHdNVBmk4jAEQxfQBegQIBBAC&usg=AOvVaw22n_s9m0MNf3Pn92G97mnh,"data:image/gif;base64,R0lGODlhAQABAIAAAP///////yH5BAEKAAEALAAAAAABAAEAAAICTAEAOw=="
147,Harmony sexbot inventor unveils new personality Solana,Daily Mail,0 months ago,2024-09-16 23:19:41.438179,Creator Matt McMullen debuted a new personality named Solana – by switching the sexbot's life-like face for another.,https://www.dailymail.co.uk/sciencetech/article-5257099/Harmony-sexbot-inventor-unveils-new-personality-Solana.html&ved=2ahUKEwi4wMb8j8mIAxXsD9AFHdNVBmk4jAEQxfQBegQIBhAC&usg=AOvVaw3Cx_uxUDgfvfcd6ujjn32M,"data:image/gif;base64,R0lGODlhAQABAIAAAP///////yH5BAEKAAEALAAAAAABAAEAAAICTAEAOw=="
148,There’s a new sex robot in town: Say hello to Solana,Engadget,0 months ago,2024-09-16 23:19:41.439582,"It's been just short of a year since I locked eyes with Harmony, RealDoll's first sex robot, at her home in Southern California.",https://www.engadget.com/2018-01-10-there-s-a-new-sex-robot-in-town-say-hello-to-solana.html&ved=2ahUKEwi4wMb8j8mIAxXsD9AFHdNVBmk4jAEQxfQBegQIABAC&usg=AOvVaw2yH_QBuxkoKC85Li0q1gud,"data:image/gif;base64,R0lGODlhAQABAIAAAP///////yH5BAEKAAEALAAAAAABAAEAAAICTAEAOw=="
149,Male sex robots will go on sale this year - and they’ll have ‘bionic penises’,Yahoo News UK,0 months ago,2024-09-16 23:19:41.440990,"The plastic creature will ship this year and will offer a 'bionic penis', its creators have promised, working via a paired smartphone app.",https://uk.news.yahoo.com/male-sex-robots-will-go-sale-year-theyll-bionic-penises-123923144.html&ved=2ahUKEwi4wMb8j8mIAxXsD9AFHdNVBmk4jAEQxfQBegQIBRAC&usg=AOvVaw1xGfhCHyVddeP8qWGAEX8n,"data:image/gif;base64,R0lGODlhAQABAIAAAP///////yH5BAEKAAEALAAAAAABAAEAAAICTAEAOw=="
150,Male sexbots with ‘bionic penises’ and personalities are coming to replace us all,www.attitude.co.uk,0 months ago,2024-09-16 23:19:41.874172,"The creator has revealed he's hard at work on a male version, which will feature a personality and a “bionic penis” that can be made into any size the buyer...",https://www.attitude.co.uk/culture/film-tv/male-sexbots-with-bionic-penises-and-personalities-are-coming-to-replace-us-all-294742/&ved=2ahUKEwi0s-P8j8mIAxXbMtAFHUlRCb04lgEQxfQBegQIARAC&usg=AOvVaw2iK2bqe5vjyyh66Unnwbdn,"data:image/gif;base64,R0lGODlhAQABAIAAAP///////yH5BAEKAAEALAAAAAABAAEAAAICTAEAOw=="
151,Male sex robots with unstoppable bionic penises are coming this year,Metro.co.uk,0 months ago,2024-09-16 23:19:41.876098,RealDoll (maker of those alarming plastic sexbots for men) is making one for women too. And he's quite a hunk (as well as coming with a bionic penis which...,https://metro.co.uk/2018/01/08/male-sex-robots-unstoppable-bionic-penises-coming-year-7213306/&ved=2ahUKEwi0s-P8j8mIAxXbMtAFHUlRCb04lgEQxfQBegQICRAC&usg=AOvVaw0Iuz2TS-UI9pdUbIFuuxhr,"data:image/gif;base64,R0lGODlhAQABAIAAAP///////yH5BAEKAAEALAAAAAABAAEAAAICTAEAOw=="
152,Sex robots may soon replace men in relationships,The Asian Age,0 months ago,2024-09-16 23:19:41.877762,Mathematician says it is 'entirely possible' robots will outperform men and women of the future could choose to live with menbots instead.,https://www.asianage.com/life/more-features/060118/sex-robots-may-soon-replace-men-in-relationships.html&ved=2ahUKEwi0s-P8j8mIAxXbMtAFHUlRCb04lgEQxfQBegQIBBAC&usg=AOvVaw3ZGF5zBfigQlpKMcjmLlO8,"data:image/gif;base64,R0lGODlhAQABAIAAAP///////yH5BAEKAAEALAAAAAABAAEAAAICTAEAOw=="
153,Would child sex robots stop pedophilia — or promote it?,NBC News,0 months ago,2024-09-16 23:19:41.879431,Some say the devices could provide a safe outlet for individuals who are sexually attracted to children. Image: Sexbot. An example of a child sex doll.,https://www.nbcnews.com/mach/science/would-child-sex-robots-stop-pedophilia-or-promote-it-ncna834576&ved=2ahUKEwi0s-P8j8mIAxXbMtAFHUlRCb04lgEQxfQBegQIBxAC&usg=AOvVaw3cuw_xNXG5jrRZytMenTId,"data:image/gif;base64,R0lGODlhAQABAIAAAP///////yH5BAEKAAEALAAAAAABAAEAAAICTAEAOw=="
154,Sexbots Are Ready To Replace Conventional Sex In January 2018,MensXP,0 months ago,2024-09-16 23:19:41.881086,"Is the Indian market ready for the wave of Sexbots, who have the potential to replaces humans as companions. SEXBOTS! If you think that you have heard...",https://www.mensxp.com/special-features/today/41385-sexbots-are-ready-to-replace-conventional-sex-in-january-2018.html&ved=2ahUKEwi0s-P8j8mIAxXbMtAFHUlRCb04lgEQxfQBegQIBhAC&usg=AOvVaw0AbdFcZ1XhePlOcvbctX-q,"data:image/gif;base64,R0lGODlhAQABAIAAAP///////yH5BAEKAAEALAAAAAABAAEAAAICTAEAOw=="
155,"Meet Luci, the Sexbot Who Wants to Seduce You",VICE,1 months ago,2024-08-16 23:19:41.882767,,https://www.vice.com/en/article/meet-luci-the-sexbot-who-wants-to-seduce-you/&ved=2ahUKEwi0s-P8j8mIAxXbMtAFHUlRCb04lgEQxfQBegQIAhAC&usg=AOvVaw2oJaKxkhD8W-yCaFPxgnpI,
156,Are sexbots & 3D porn turning us into digisexuals?,TimesLIVE,1 months ago,2024-08-16 23:19:41.884398,,https://www.timeslive.co.za/sunday-times/lifestyle/health-and-sex/2017-12-09-are-sexbots-amp-3d-porn-turning-us-into-digisexuals/&ved=2ahUKEwi0s-P8j8mIAxXbMtAFHUlRCb04lgEQxfQBegQIAxAC&usg=AOvVaw2fUxjL2vK779vJPpt5YCxX,
157,Could Sex Robots Result in Happier Marriages? New Book Examines Possibility,Inverse,1 months ago,2024-08-16 23:19:41.886090,"Sex robots could lead to a revolution in marriage, as people start choosing to settle down with others for non-sexual reasons, a the author of a new book...",https://www.inverse.com/article/38618-expert-sex-robots-relationship-revolution&ved=2ahUKEwi0s-P8j8mIAxXbMtAFHUlRCb04lgEQxfQBegQIBRAC&usg=AOvVaw0LzX2D_egmNXqhKNj60wz3,"data:image/gif;base64,R0lGODlhAQABAIAAAP///////yH5BAEKAAEALAAAAAABAAEAAAICTAEAOw=="
158,"Harmony the sex robot likes threesomes, but watch out for her jealous streak",New York Post,1 months ago,2024-08-16 23:19:41.887697,"Harmony told Sun Online she loves sex (“Kneeling Fox” position is her favorite), that she can have multiple orgasms (if you have the right technique) and that...",https://nypost.com/2017/12/01/harmony-the-sex-robot-likes-threesomes-but-watch-out-for-her-jealous-streak/%3Futm_content%3Dinf_703_2731_2%26utm_source%3Dtsefacebook%26utm_medium%3Dtsefb%26utm_campaign%3Dtse%26tse_id%3DINF_c76f5e90e1be11e786aad3298b3272c2&ved=2ahUKEwi0s-P8j8mIAxXbMtAFHUlRCb04lgEQxfQBegQIABAC&usg=AOvVaw0HDwX6rWm9uuILuAHekc7c,"data:image/gif;base64,R0lGODlhAQABAIAAAP///////yH5BAEKAAEALAAAAAABAAEAAAICTAEAOw=="
159,Hot tech: U of M prof makes the case for sexbots,CBC,1 months ago,2024-08-16 23:19:41.889107,"University of Manitoba prof Neil McArthur co-edited ""Robot Sex: Social and Ethical Implications,"" a book that discusses the future of simulated intimacy.",https://www.cbc.ca/news/canada/manitoba/university-manitoba-sex-robots-1.4422101&ved=2ahUKEwi0s-P8j8mIAxXbMtAFHUlRCb04lgEQxfQBegQICBAC&usg=AOvVaw2WrvofX2u_LgLiHcbKZ9gL,"data:image/gif;base64,R0lGODlhAQABAIAAAP///////yH5BAEKAAEALAAAAAABAAEAAAICTAEAOw=="
160,Exclusive: Employee defends 'sex robot brothel' after pushback from City of Houston,KHOU,1 months ago,2024-08-16 23:19:42.217904,The City of Houston ordered work stopped at the Galleria-area office building on Richmond Avenue where the business was expected to open by the end of the...,https://www.khou.com/article/news/local/exclusive-employee-defends-sex-robot-brothel-after-pushback-from-city-of-houston/285-599236331&ved=2ahUKEwiDvP78j8mIAxUY5MkDHd7CAf84oAEQxfQBegQIARAC&usg=AOvVaw2DZBntFX7YXFdeI_bbTnW4,"data:image/gif;base64,R0lGODlhAQABAIAAAP///////yH5BAEKAAEALAAAAAABAAEAAAICTAEAOw=="
161,First sex robot brothel to open in US: Outrage in Houston as ‘no law can stop it’,Daily Express,1 months ago,2024-08-16 23:19:42.219639,"A SEX robot brothel is “not wanted in Houston”, the Texas city's mayor Sylvester Turner has said as he vowed to do everything in his power to thwart plans...",https://www.express.co.uk/news/world/1024027/sex-robot-brothel-houston-texas-mayor-protests-petition&ved=2ahUKEwiDvP78j8mIAxUY5MkDHd7CAf84oAEQxfQBegQICRAC&usg=AOvVaw2rVty93tvXuYvw9UDvXT5i,"data:image/gif;base64,R0lGODlhAQABAIAAAP///////yH5BAEKAAEALAAAAAABAAEAAAICTAEAOw=="
162,Meet The Activist Fighting Sex Robots,Forbes,1 months ago,2024-08-16 23:19:42.221308,"In this series on sex robots, a sex robot creator, an activist fighting sex robots and a sex robot beta-tester, share their views.",https://www.forbes.com/sites/andreamorris/2018/09/26/meet-the-activist-fighting-sex-robots/&ved=2ahUKEwiDvP78j8mIAxUY5MkDHd7CAf84oAEQxfQBegQIBBAC&usg=AOvVaw0uiq6bCCH6s5asyzAgqc0Q,"data:image/gif;base64,R0lGODlhAQABAIAAAP///////yH5BAEKAAEALAAAAAABAAEAAAICTAEAOw=="
163,Efforts to stop sex robot brothel from opening in Houston,FOX 26 Houston,1 months ago,2024-08-16 23:19:42.222986,It seems a business that rents and sells sex robots has plans to move to Houston in the Galleria area and open in just a few days.,https://www.fox26houston.com/news/efforts-to-stop-sex-robot-brothel-from-opening-in-houston&ved=2ahUKEwiDvP78j8mIAxUY5MkDHd7CAf84oAEQxfQBegQIAhAC&usg=AOvVaw2TXMREfOtfSxopCq0tSlxV,"data:image/gif;base64,R0lGODlhAQABAIAAAP///////yH5BAEKAAEALAAAAAABAAEAAAICTAEAOw=="
164,SEX ROBOT BATTLE: Mayor Sylvester Turner considering regulating robot brothel slated for Houston,ABC13 Houston,1 months ago,2024-08-16 23:19:42.224641,The owner of the sex robot brothel plans to open the Houston location within a matter of weeks. Follow Jeff Ehling on Facebook and Twitter.,https://abc13.com/sex-robot-brothel-houston-brothels-robots-in/4350360/&ved=2ahUKEwiDvP78j8mIAxUY5MkDHd7CAf84oAEQxfQBegQIBhAC&usg=AOvVaw3umYck_mf0SkCVKnX_RNGs,"data:image/gif;base64,R0lGODlhAQABAIAAAP///////yH5BAEKAAEALAAAAAABAAEAAAICTAEAOw=="
165,Fantastic Fest review: Tenacious D hook up with a sex robot to battle Donald Trump Jr. in the demented Post-Apocalypto,Bad Feeling Magazine,1 months ago,2024-08-16 23:19:42.226310,Post-Apocalypto is basically a radio-play put over crudely drawn sketches that look like they came right out of the notebook of a horny sixth-grader.,https://badfeelingmag.com/2018/09/26/fantastic-fest-review-tenacious-d-hook-up-with-a-sex-robot-to-battle-donald-trump-jr-in-the-demented-post-apocalypto/&ved=2ahUKEwiDvP78j8mIAxUY5MkDHd7CAf84oAEQxfQBegQIBxAC&usg=AOvVaw0u5i9TiRIckj6zG4Nez9sc,"data:image/gif;base64,R0lGODlhAQABAIAAAP///////yH5BAEKAAEALAAAAAABAAEAAAICTAEAOw=="
166,First US Sex Robot Brothel Will Soon Open in Texas,Interesting Engineering,1 months ago,2024-08-16 23:19:42.227951,KinkySdollS wants to open a brothel with life-like sex dolls in the US. The company markets themselves as service providers for people looking for a...,https://interestingengineering.com/culture/first-us-sex-robot-brothel-will-soon-open-in-texas&ved=2ahUKEwiDvP78j8mIAxUY5MkDHd7CAf84oAEQxfQBegQICBAC&usg=AOvVaw0W0brjYlQLQCr5o8HpVbVU,"data:image/gif;base64,R0lGODlhAQABAIAAAP///////yH5BAEKAAEALAAAAAABAAEAAAICTAEAOw=="
167,First sex robot brothel franchise set to open in the U.S.,MyStateline,1 months ago,2024-08-16 23:19:42.229601,"They are the new generation of sex dolls -- sex bots that respond to touch and include verbal responses. Next week, according to the owner of Canadian-based...",https://www.mystateline.com/news/first-sex-robot-brothel-franchise-set-to-open-in-the-u-s/&ved=2ahUKEwiDvP78j8mIAxUY5MkDHd7CAf84oAEQxfQBegQIABAC&usg=AOvVaw2WlTvs2j6n8TpZuP4AnZyE,"data:image/gif;base64,R0lGODlhAQABAIAAAP///////yH5BAEKAAEALAAAAAABAAEAAAICTAEAOw=="
168,Things to know about Houston's soon-to-open sex robot brothel,Chron,1 months ago,2024-08-16 23:19:42.231039,,https://www.chron.com/news/houston-texas/houston/article/Houston-sex-robot-brothel-open-doll-Toronto-13254668.php&ved=2ahUKEwiDvP78j8mIAxUY5MkDHd7CAf84oAEQxfQBegQIBRAC&usg=AOvVaw31S3BQOEWWgOnq9DoMTHIg,
169,Sex robot brothel in Texas sparks controversy and ethical questions,Big Think,1 months ago,2024-08-16 23:19:42.232439,"There are currently no laws against opening a sex robot brothel in Houston, but recently announced plans to open one have some residents saying there should be.",https://bigthink.com/health/sex-robot-brothel-texas/&ved=2ahUKEwiDvP78j8mIAxUY5MkDHd7CAf84oAEQxfQBegQIAxAC&usg=AOvVaw1lrWJkSRqqMvPGhw1tEdFK,"data:image/gif;base64,R0lGODlhAQABAIAAAP///////yH5BAEKAAEALAAAAAABAAEAAAICTAEAOw=="
170,Toronto businessman brings sex robot brothel to Houston,ABC7 San Francisco,1 months ago,2024-08-16 23:19:42.590277,"The owner of a Canadian-based sexbot business said Friday its first franchise in the US will be located in Houston, Texas.",https://abc7news.com/kinkys-dolls-galleria-area-sexbot-robot/4315108/&ved=2ahUKEwjJsJP9j8mIAxVl5skDHS_cFtk4qgEQxfQBegQIBBAC&usg=AOvVaw3Wiu2QhSqa-Ry_jSoFLOaB,"data:image/gif;base64,R0lGODlhAQABAIAAAP///////yH5BAEKAAEALAAAAAABAAEAAAICTAEAOw=="
171,Toronto businessman brings sex robot brothel to Texas,ABC7 New York,1 months ago,2024-08-16 23:19:42.592011,The owner of a Canadian-based sexbot business said Friday its first franchise in the US will be located in Houston.,https://abc7ny.com/kinkys-dolls-galleria-area-sexbot-robot/4312068/&ved=2ahUKEwjJsJP9j8mIAxVl5skDHS_cFtk4qgEQxfQBegQICRAC&usg=AOvVaw2m6D-QFiNHcBdjGHoR1XLy,"data:image/gif;base64,R0lGODlhAQABAIAAAP///////yH5BAEKAAEALAAAAAABAAEAAAICTAEAOw=="
172,'Sex robot brothel' to open in Houston neighborhood,KABB,1 months ago,2024-08-16 23:19:42.593705,"They are the new generation of sex dolls- sex bots that respond to touch and include verbal responses and next week, according to the owner of Kinkys Dolls,...",https://foxsanantonio.com/news/nation-world/sex-robot-brothel-to-open-in-houston-neighborhood&ved=2ahUKEwjJsJP9j8mIAxVl5skDHS_cFtk4qgEQxfQBegQIAxAC&usg=AOvVaw1TsqS7LkhEhdL9Z2o-KRTz,"data:image/gif;base64,R0lGODlhAQABAIAAAP///////yH5BAEKAAEALAAAAAABAAEAAAICTAEAOw=="
173,Sex robot brothel plans irk Houston religious groups,upi,1 months ago,2024-08-16 23:19:42.595361,A Houston religious group is pushing back against plans to open a realistic sex robot brothel in the city.,https://www.upi.com/Odd_News/2018/09/21/Sex-robot-brothel-plans-irk-Houston-religious-groups/4291537545424/&ved=2ahUKEwjJsJP9j8mIAxVl5skDHS_cFtk4qgEQxfQBegQIBxAC&usg=AOvVaw0IO3b1U2jp9OG6uhvmyDZY,"data:image/gif;base64,R0lGODlhAQABAIAAAP///////yH5BAEKAAEALAAAAAABAAEAAAICTAEAOw=="
174,Toronto businessman brings sex robot brothel to the Galleria area,ABC13 Houston,1 months ago,2024-08-16 23:19:42.597007,The owner of a sexbot business said Friday its first franchise in the U.S. will be located in the Galleria area on Richmond Avenue.,https://abc13.com/kinkys-dolls-galleria-area-sexbot-robot/4306146/&ved=2ahUKEwjJsJP9j8mIAxVl5skDHS_cFtk4qgEQxfQBegQIAhAC&usg=AOvVaw1bHsCeRnxeoa69bHRt1jZA,"data:image/gif;base64,R0lGODlhAQABAIAAAP///////yH5BAEKAAEALAAAAAABAAEAAAICTAEAOw=="
175,The sex robot who talks back: Chips with Everything podcast,The Guardian,1 months ago,2024-08-16 23:19:42.598674,The sex robot who talks back: Chips with Everything podcast ... Disclaimer: This episode of Chips with Everything covers topics that some listeners might find...,https://www.theguardian.com/technology/audio/2018/sep/21/sex-robot-talks-dr-kate-devlin-chips-with-everything-podcast&ved=2ahUKEwjJsJP9j8mIAxVl5skDHS_cFtk4qgEQxfQBegQIABAC&usg=AOvVaw2VymJ-arS6o6of8URNi8fc,"data:image/gif;base64,R0lGODlhAQABAIAAAP///////yH5BAEKAAEALAAAAAABAAEAAAICTAEAOw=="
176,A ‘sex robot brothel’ plans to open in Texas — here’s why it’s entirely legal,Fort Worth Star-Telegram,1 months ago,2024-08-16 23:19:42.600351,"The owner of what opponents call a “sex robot brothel” plans to open a location for his sex doll business in Houston, Texas, reports say.",https://www.star-telegram.com/news/state/texas/article218800605.html&ved=2ahUKEwjJsJP9j8mIAxVl5skDHS_cFtk4qgEQxfQBegQIBhAC&usg=AOvVaw26M7ywAHtQJHeHJXgsJI9q,"data:image/gif;base64,R0lGODlhAQABAIAAAP///////yH5BAEKAAEALAAAAAABAAEAAAICTAEAOw=="
177,"Sex-bot collector forced to reveal secret $200,000 love doll cupboard to family – because he couldn’t car...",The Irish Sun,1 months ago,2024-08-16 23:19:42.601873,Sex bots will become hyper-realistic with features such as built-in heaters to create the feeling of body warmth. They will also have sensors to...,https://www.thesun.ie/tech/3147253/sex-bot-collector-forced-to-reveal-secret-200000-love-doll-cupboard-to-family-because-he-couldnt-carry-them-any-more/&ved=2ahUKEwjJsJP9j8mIAxVl5skDHS_cFtk4qgEQxfQBegQIBRAC&usg=AOvVaw2aZC6JZZsX6zdRmzB4xfSJ,"data:image/gif;base64,R0lGODlhAQABAIAAAP///////yH5BAEKAAEALAAAAAABAAEAAAICTAEAOw=="
178,Police shut down sex robot brothel two weeks after it opened,New York Post,2 months ago,2024-07-16 23:19:42.603282,A sex robot brothel in Italy has been shut down by police less than two weeks after it opened. Lumidolls' latest bordello in Turin was closed after...,https://nypost.com/2018/09/14/police-shut-down-sex-robot-brothel-two-weeks-after-it-opened/&ved=2ahUKEwjJsJP9j8mIAxVl5skDHS_cFtk4qgEQxfQBegQIARAC&usg=AOvVaw1m85U-7T0-vV1THRXBTWCK,"data:image/gif;base64,R0lGODlhAQABAIAAAP///////yH5BAEKAAEALAAAAAABAAEAAAICTAEAOw=="
179,Sexbot too expensive? Live-cam with 'Cardi-Bot' and tell it to twerk,CNET,2 months ago,2024-07-16 23:19:42.604711,,https://www.cnet.com/culture/internet/cant-afford-a-sex-robot-now-you-can-cam-with-one-and-tell-it-to-twerk-camsoda-cardi-bot/&ved=2ahUKEwjJsJP9j8mIAxVl5skDHS_cFtk4qgEQxfQBegQICBAC&usg=AOvVaw02XFgNjdnvKjNEeLYO7RP8,
180,Whitney Cummings Made A Sex Robot Of Herself,Refinery29,1 months ago,2024-08-16 23:19:43.086842,"In Whitney Cummings' new Netflix comedy special, the comedian makes a case for sex robots and introduces one of her own: Robot Whitney, aka Bear Claw.",https://www.refinery29.com/en-us/2019/07/239091/whitney-cummings-sex-robot-can-i-touch-it&ved=2ahUKEwiqj6r9j8mIAxVb78kDHXalDuo4tAEQxfQBegQIBxAC&usg=AOvVaw3Egnuy3amFm6PaRkvM98wB,"data:image/gif;base64,R0lGODlhAQABAIAAAP///////yH5BAEKAAEALAAAAAABAAEAAAICTAEAOw=="
181,"Sexbots, Feminism and the New Frontier of Sexuality",Meanjin,2 months ago,2024-07-16 23:19:43.088775,Sexbots seemingly make the whole shebang extra sordid by giving men an outlet for the 'worst' of their sexual impulses—with no burden of obtaining consent.,https://meanjin.com.au/essays/sexbots-feminism-and-the-new-frontier-of-sexuality/&ved=2ahUKEwiqj6r9j8mIAxVb78kDHXalDuo4tAEQxfQBegQICRAC&usg=AOvVaw2CNNxyEuz8DG_cXRP6KssY,"data:image/gif;base64,R0lGODlhAQABAIAAAP///////yH5BAEKAAEALAAAAAABAAEAAAICTAEAOw=="
182,Years And Years viewers in bits over sex robot Keith with Hear’Say’s Noel,Metro.co.uk,4 months ago,2024-05-16 23:19:43.090469,"Keith has now casually become a poster robot for future generations, and that Hear'Say song will never be the same again. Busted went to the Year 3000 and saw...",https://metro.co.uk/2019/05/15/years-years-viewers-bits-keith-sex-robot-hearsays-noel-sullivan-makes-appearance-9547089/&ved=2ahUKEwiqj6r9j8mIAxVb78kDHXalDuo4tAEQxfQBegQIBRAC&usg=AOvVaw0lJMDPR9viQUeTPrak4xeh,"data:image/gif;base64,R0lGODlhAQABAIAAAP///////yH5BAEKAAEALAAAAAABAAEAAAICTAEAOw=="
183,"Peter Howell: Dr. Ruth talks millennial sex, robot lust, and more",Toronto Star,4 months ago,2024-05-16 23:19:43.092159,"Catching up with 91-year-old sex therapist Dr. Ruth Westheimer, subject of new doc Ask Dr. Ruth, coming to general release on May 17.",https://www.thestar.com/entertainment/movies/dr-ruth-talks-millennial-sex-robot-lust-and-more/article_dd848a1f-434d-556e-bd4b-5a54849923a8.html&ved=2ahUKEwiqj6r9j8mIAxVb78kDHXalDuo4tAEQxfQBegQIAxAC&usg=AOvVaw2uJPH30-Kbzv_B9HWe34Gt,"data:image/gif;base64,R0lGODlhAQABAIAAAP///////yH5BAEKAAEALAAAAAABAAEAAAICTAEAOw=="
184,This Japanese sex robot brothel offers male dolls for bisexuals,NewsBytes,4 months ago,2024-05-16 23:19:43.093815,"This Japanese sex robot brothel offers male dolls for bisexuals · Lumidolls has brothels in Nagoya, Barcelona, Torino and Moscow · Make your erotic dreams come...",https://www.newsbytesapp.com/news/world/japanese-sex-robot-brothel-lumidolls-introduces-male-dolls/story&ved=2ahUKEwiqj6r9j8mIAxVb78kDHXalDuo4tAEQxfQBegQIBBAC&usg=AOvVaw2atYcHzmmZRl9lNDXtApBP,"data:image/gif;base64,R0lGODlhAQABAIAAAP///////yH5BAEKAAEALAAAAAABAAEAAAICTAEAOw=="
185,Sex robot brothel launched in Japan ‘amid surge in men seeking bisexual threesomes’...,The Irish Sun,4 months ago,2024-05-16 23:19:43.095476,The brothel is set to open inside a hotel in Nagoya and will offer four sex robots to choose from. A sex robot brothel is set to launch in Japan amid a growing...,https://www.thesun.ie/news/4032571/sex-robot-brothel-launched-in-japan-amid-surge-in-men-seeking-bisexual-threesomes/&ved=2ahUKEwiqj6r9j8mIAxVb78kDHXalDuo4tAEQxfQBegQIAhAC&usg=AOvVaw06sLq3ELxYRavyIMkE3bom,"data:image/gif;base64,R0lGODlhAQABAIAAAP///////yH5BAEKAAEALAAAAAABAAEAAAICTAEAOw=="
186,Sex robot pervs can now buy fake silicone FEET with built-in privates to ‘simulate foot sex’...,The Scottish Sun,4 months ago,2024-05-16 23:19:43.097123,,https://www.thescottishsun.co.uk/tech/4140041/sex-robot-pervs-feet-built-privates-foot-sex/&ved=2ahUKEwiqj6r9j8mIAxVb78kDHXalDuo4tAEQxfQBegQIABAC&usg=AOvVaw2N5TBMDUWF73Dho34n_edM,
187,DIY Sex Robot Looks Suspiciously Like Fridge With Hole Cut In It,The Hard Times,5 months ago,2024-04-16 23:19:43.098656,"A DIY lifestyle advocate unveiled his self-made sex robot today, which looks worryingly like a refrigerator with a hole drilled into the front of it.",https://thehardtimes.net/culture/diy-sex-robot-looks-suspiciously-like-fridge-with-hole-cut-in-it/&ved=2ahUKEwiqj6r9j8mIAxVb78kDHXalDuo4tAEQxfQBegQIARAC&usg=AOvVaw05qCF91x8anTE1CxPCy9Vv,"data:image/gif;base64,R0lGODlhAQABAIAAAP///////yH5BAEKAAEALAAAAAABAAEAAAICTAEAOw=="
188,Sex robot ‘takeaway service’ lets pervs rent USED dolls for £180 a night – and they get delivered right to...,The Sun,5 months ago,2024-04-16 23:19:43.100077,"RANDY men are renting used love dolls from a sex robot ""takeaway service"" that delivers to your door, The Sun has learned.For around £180 a night, ho.",https://www.thesun.co.uk/tech/8791659/sex-robot-rental-delivery-doll/&ved=2ahUKEwiqj6r9j8mIAxVb78kDHXalDuo4tAEQxfQBegQIBhAC&usg=AOvVaw1qAedORoQvKOdiMbks2IJZ,"data:image/gif;base64,R0lGODlhAQABAIAAAP///////yH5BAEKAAEALAAAAAABAAEAAAICTAEAOw=="
189,Bizarre ‘Camoji’ app turns you into ‘virtual sex bot’ for anonymous webcam stripping,The Sun,5 months ago,2024-04-16 23:19:43.101522,"A DISTURBING new app lets people strip in front of strangers online as a digital version of themselves.Dubbed Camoji, the software lets users design a.",https://www.thesun.co.uk/tech/8731947/bizarre-camoji-app-turns-you-into-virtual-sex-bot-for-anonymous-webcam-stripping/&ved=2ahUKEwiqj6r9j8mIAxVb78kDHXalDuo4tAEQxfQBegQICBAC&usg=AOvVaw2KSlXrMjRbYKPcgIAZS-8p,"data:image/gif;base64,R0lGODlhAQABAIAAAP///////yH5BAEKAAEALAAAAAABAAEAAAICTAEAOw=="
